text,label
🎉👏,2
✨♡,2
🤔  ☕📌,1
побачимо 💢💉💉,0
💩💩😤!!??,0
топ 🩸,0
🤔 📺,1
шок❌⚠⁉❗,0
🤡 🎉 💕,0
💅...📺,1
🙏 🥺🥺🙏 need,2
📻... ☕👀,1
((🤬  треш 🐷,0
🥺  😩 🥺  дайте,2
🙏 🥺🙏 🙏 need,2
---🤮,0
😩🙏 хочу,2
😩🙏 😭,2
✿ 🌙 краса,2
🔥 super,2
👀🤖...📺📻,1
💅 .. 💅 ☕🚶,1
💕🫶красава💕,2
🤡 🫶🔥🥰❤️,0
🚫❗треш,0
🤡 💯😂,0
🤡 💕 🔥,0
▒━░├═░╭─│,1
🐷😤 (((,0
┼║├,1
:) 💕 😍👏,2
☁ ♡⭐ ⭐☀,2
🤡 😂😂,0
😍!!!💕 🫶😂 імба,2
🎉 ))) 👌🇺🇦,2
💕🔥,2
👀 +/-👇,1
💕😍,2
📻 🤖~👇,1
🎉💯:),2
🥺😭 😭будь ласка,2
🗑️🤦‍♂️  🤡  ?!?!🐍,0
📻///,1
🤔😶📻😶..,1
/ 👀,1
💯:) 👍дякую,2
L ?!?!😩,0
║├╭║,1
┤▓░,1
🩸топ,0
... 🤖  ☕ 🤷‍♂️🤷‍♂️,1
👍 ))),2
ок 💊,0
❌‼ ✖ шок,0
❌‼  ⁉cringe ‼,0
👍 😂  🥰база  ))💪,2
🤮 ??😒,0
???😒😩 😩 шок🤡,0
😍 💪 💕  + 😂,2
💣ну давай  💢💊,0
👇📻,1
☕💅👀 /,1
🤝👍 🤝 💕,2
┤│─▒░┬├┤━,1
😍 🫶 ))),2
😂дякую 😍🫶,2
треш👎 🤮 ?!?!🤦‍♂️,0
🤡 💯💕  👏👌,0
🤔💅 🤷‍♂️ 😶,1
┴╭┼─╰▒╮╭┬,1
🇺🇦💕!!!11,2
░╭├┬═│┬━,1
🚶 📌  👇👇/,1
😶  ~,1
👎🤢  🐍🤦‍♂️,0
╰╮═━┬,1
:)🎉,2
😩 🙏need,2
👇 📺/📌,1
💖🎶♡🌿💖,2
🌿 🌿 ♡🌙 топ,2
🔪ну давай💉 🚬,0
😠 bruh😡,0
🤔👀///,1
💊топ 🩸,0
+/- 🤷‍♂️,1
🇺🇦 🤝👏))) лол,2
🤮??  🐷🤡жах,0
мда💢 🚬,0
👍💯😂 ))красава  👍,2
🫶))  👏,2
❤️ 💕🇺🇦 💪,2
☕ 🤔  📻😶,1
👍  😍  💪 🎉,2
🤡 🎉😍🎉,0
║╯━╯║╮┤├═,1
👀👇 🚶📺,1
///📌 ☕ 🤷‍♂️ 🚶,1
☕ 🤔💅 🚶,1
ну давай 🔪 💊,0
🤷‍♂️  🤖,1
🥺 😩 😭 🙏  need,2
┼▓┬━━═╯─,1
..📺,1
🫶😍💕  ^_^,2
✖ L  ✖ ⚠‼,0
ок💊🔪,0
😡 -cringe,0
👎 ???  😠,0
😭 😭 😭,2
🥺😩 😭🥺need,2
👇/// 💅📻🚶,1
🤡 🤝💯,0
😶 ...,1
❤️  🇺🇦 )) ❤️ 🇺🇦,2
🤡 🇺🇦  💯😍 😍,0
🤷‍♂️☕ ☕  +/-,1
❀☁🌸  ✨,2
🤷‍♂️/,1
🩸 💊 ок 🚬,0
😠🗑️ 🤡 😒,0
🥺🙏need,2
☀ 🌸,2
🌿 ☁🌿❀🌿,2
👌 ❤️,2
💯🎉🫶,2
😤 🐍- шок🤬,0
🇺🇦 🇺🇦 🫶 ++❤️,2
🔫💊 🔫мда,0
🗑️😩  😡 😩 ??,0
🌸❀,2
💕🇺🇦  ^_^красава,2
😩 😩🙏  😭хочу,2
побачимо 💢🩸,0
🤢 - 🤬,0
))  🎉 дякую,2
⭐🎀,2
🤡 🎉 👏,0
😤🤢мда,0
│┼╭├═├█▒,1
👇+/-  🤷‍♂️  😶 👀,1
⁉ ✖  треш ‼⁉,0
🤡 👏👏🫶💯,0
⁉ мда✖⚠,0
💯 👏імба💪,2
🚬 💊 побачимо,0
😭 😭🥺,2
))) 🥰 🇺🇦🤝🫶,2
💖🎀🎶☀✨  вау,2
🎉 😍 🤝)),2
-_- 😤,0
😭 🥺дайте,2
🤡 👏 💯❤️,0
😩😭🙏,2
🤡 🎉👍,0
☠ну давай  ☠,0
🚶📌 ///,1
⭐✨ 🌙 вау,2
💕 👏^_^,2
///  📺,1
🥺 😩  🥺 🥺,2
👇..,1
:)👌,2
🥺  😩 😭,2
кринж 🤮 ???,0
побачимо  💉 💉 ☠,0
🔪 ну давай,0
💕👌:)  💪😍,2
🤖🚶  🤔,1
💅///,1
🤡 👍🇺🇦👍❤️,0
🤡 👍💪,0
💅 ~ 🚶🤔 🤖,1
👏ору😂:) 🫶❤️,2
❗❌треш,0
😂🇺🇦+ 🫶,2
⭐☀,2
││▓░╯┤▓┴╰║,1
⛔⚠ ⚠ ❗жах,0
💢 ок 💣,0
🤡 🫶,0
⁉ L⛔,0
█╮╰═,1
💩  -_-🗑️ 👎🐷,0
🤮  (((😤 🐷🤦‍♂️ cringe,0
💣ну давай,0
💕 🔥🫶 )))👍,2
👎🤮,0
╮┬─━┬┼━╮╮┤,1
☀☁☀ ♥вау,2
☁✿☀  ✨♡,2
💣💣  💉мда,0
треш🐍,0
📌 👇📻,1
💊ок🔫,0
💯 💕^_^ 🎉,2
♡ ☀ 🌿✿ 🎀,2
/  😶 💅☕,1
🥰 !!!👏,2
👌🥰!!!11👍,2
🤡 👏,0
... 💅👇,1
🔫 💉побачимо,0
ну давай 🩸  💉🩸,0
мда🔪 💉,0
🥰 💪  топ!!! 🎉💯,2
🔪мда💉 💢,0
^_^ 🔥 🥰🎉,2
⛔ ⚠ жах,0
побачимо 🔪 🩸,0
ну давай 🚬 💣,0
🔥 based  ^_^  💕👍,2
ок ☠💢,0
красава 🔥❤️  :),2
⚠❓⛔cringe,0
:( 🤦‍♂️ 😩👎😤,0
🚬 🔫ок🔫,0
🎶 ⭐🌿  🎶☁,2
🥺🥺 🙏 🙏,2
🐍😒 🤢 🗑️ (((bruh,0
++ 👌  🥰🇺🇦 🥰,2
❤️🇺🇦  )))🥰,2
⁉  bruh ‼🚫⁉,0
:(🐷💩 😡,0
⚠  ⁉ ❌ жах❗,0
🎉 !!!11🎉 🔥,2
?!?! дно😤,0
імба  🔥 :),2
:( 🐍 🤢 😠 👎,0
cringe ✖ 🚫🚫,0
☕ 📺 👇 📌///,1
🥰 ^_^ 💕👍,2
🐷💩  👎👎(((,0
⁉  жах‼,0
😩 🤡😩  ((( 😤,0
++ W😍🇺🇦 😂,2
┼══─═▓╯▓▒,1
ок  💢 🩸 💢,0
🐍!!??🐍😒  🤢,0
🇺🇦 🇺🇦  )),2
☁ ✨ ♥🌿 ✨,2
🙏😩 🥺будь ласка,2
‼ 🚫❗мда ‼,0
🤝😍 💪 +👍,2
🤖  😶 +/-,1
😭🙏  🥺need,2
🤦‍♂️cringe 🤮,0
❓❓L,0
🚶💅,1
🤡 💪 🎉,0
🌙🌿 ✿,2
🥺😩 дайте,2
...😶 🤷‍♂️👇🤖,1
((🐍 🤦‍♂️ 🗑️ 😠 дно,0
)) 😂 ❤️,2
🚫⚠ cringe,0
❗  ‼ ❗ ⚠мда,0
┼╭█▒│┴━,1
🔥🫶 🔥 🇺🇦,2
❤️💪💯 🇺🇦+,2
топ💉🔪  🩸,0
📌 🤔 🤔🤔,1
🚬 💉ок,0
-_-🐍 капець,0
:) ❤️💕,2
☠💉 🔪 побачимо,0
🙏🙏 🥺,2
╭┼═█┴█╯│,1
😭🥺 😭 🥺,2
💯!!! ❤️🔥 топ,2
побачимо💊,0
✿♥☀🎶,2
💩  🗑️  cringe((,0
🇺🇦 💯  ^_^,2
❤️  !!!11😍 👍 🎉,2
💪+ W  😂 😍👌,2
✿ ♡ краса,2
█┬╰│,1
🔪 побачимо,0
┴╰┴░,1
+ 💯😍,2
шок❗ ⛔ 🚫 ⛔,0
🤖👇 📌  ~,1
🗑️ bruh👎((,0
┴╯━├╰╭║▒,1
🥰 🔥))),2
║█┼,1
😩 🥺😩,2
💢ок 💊  🚬,0
🙏😭хочу,2
🇺🇦 красава,2
😭😭🥺,2
🤮👎😡👎,0
❤️ + 💕  🎉,2
😡👎bruh 🤢,0
♥❀ ☀,2
👎🤢🐍  ((,0
🤔🤔🤖  🤷‍♂️,1
ок 💊☠🔪,0
💣  💊 мда 💣,0
📺  📌🤔,1
😭🙏  😩🙏дайте,2
❀ ⭐,2
🤡 💯 💯 😍  🤝,0
👏💯😂 !!!,2
🫶 👍 🥰💯,2
💢 💢💊 топ,0
🚶 📻+/-,1
🌸 ☁♡  🎀 ♥ aesthetic,2
👏😍 👏,2
треш❗ ❓,0
😩 😭🥺 😩,2
??  🤦‍♂️🤢,0
╯░═┼┬┤,1
😡🤮капець (((,0
┴╰─╭╮══▓═,1
кринж👎 👎--- 💩🤬,0
😭  🥺,2
☠ побачимо  🚬,0
🎉 🎉 ^_^ 💪❤️,2
❤️ база,2
🫶💯!!!11,2
cringe👎,0
🥰 :)💕 👏,2
🤬 🤮 ?? 🤢,0
🤝 🇺🇦 ору 💕,2
👇...📌,1
😡((( 🐷😡🐷,0
😶🤔🤷‍♂️ 🤷‍♂️,1
📺 +/- ☕,1
.. 💅 📌,1
├░█━,1
‼  ⚠ треш,0
█┤╮,1
🐍 😒 --- 😡,0
☠ну давай 🩸,0
🤡 👍💕,0
🙏😭😭 🥺,2
👍👍👏👏 )) лол,2
╰│┤,1
🤡 😍💕,0
❗❗⁉L ❌,0
дно🤡 🗑️😠-,0
😡треш 😡??,0
🇺🇦:) 💕,2
═▓╰┤│║═█,1
🤦‍♂️💩 🤢-,0
💕  ))  💕,2
❤️ 👏❤️🎉,2
🙏😭🥺,2
⁉ ✖ мда,0
░├━,1
😶📺 👀 🤖  +/-,1
жах⛔❗,0
🚫шок ⚠❗,0
👀~,1
🎶 ❀  🌿 🎀🎶,2
❤️імба 💪))🇺🇦,2
🔥!!!❤️,2
ору!!!  👏,2
😤😤  🤡,0
🤡 🎉 🥰,0
🤮💩🤬 😤,0
📌 🚶🤷‍♂️📺,1
🤝 👌based,2
:(🐍🤡 🤦‍♂️🤡,0
🗑️  😤,0
🔥 👌based🫶 🔥,2
😤 🤮😡??,0
💯👍  👏 🔥,2
🤡 🇺🇦  💯🥰  👌,0
✿ ✿✨ ✿,2
🥺🙏😭,2
═▓║░━├█├═┼,1
🤔 🤖 📺 ...,1
🤮  🐷,0
👀☕🚶  📺 ~,1
капець❗✖ ‼,0
😠🤮 😒 шок,0
🤬 ???,0
📻  📺📺 🚶/,1
😩🤮((,0
-😠жах🐍👎,0
😒?!?!💩🤢 шок,0
😂 ))) 💕,2
🤡 ❤️ 👍 💕,0
🎶 ⭐ вау,2
❗ ⚠ cringe,0
🫶 🫶  !!!🎉 super,2
🤡 ❤️👍 🥰,0
😠bruh 🤮---,0
шок  🤬  🤬 🐍,0
мда💣 🔫,0
│▓▒░│,1
ну давай🚬,0
🚶 /☕📌😶,1
🎉💪 👍 🎉,2
🤝^_^,2
😂 імба 🎉!!!💯,2
???😠 🤮,0
💅.. 📺  🤔,1
☀ ❀🎶,2
🤔~,1
🔪 🩸  💊 ну давай,0
😍 )),2
(((🐍,0
:)❤️🥰  ❤️,2
╭┼░│▓╯,1
😡 🐍---😒,0
!!!11 🔥 🇺🇦 💪,2
✿ ⭐  ❀ ⭐ aesthetic,2
🔥W  )),2
💅📺 ...,1
!!! super 😂,2
шок  🤡💩😠  (((🐍,0
🤡 😂 🫶 😂,0
🤡 (((,0
│╯╯┴,1
🤡 💪😍😂👌,0
😠 💩bruh 😩,0
👌🤝 !!!11,2
┤▒╯━║┴▒┼▒,1
╰▓╭━│┴,1
🎶☁,2
❓cringe⛔‼ ❌,0
💯 W👌🥰  🔥,2
👇  🤔 👇/👀,1
😭😭  🥺 хочу,2
🤦‍♂️!!??😤🤬🤬,0
🙏🥺 😩хочу,2
✖ ⛔ cringe‼,0
│┼▓┤━├┴,1
╰┤┼,1
~ 📌 🚶 💅🤔,1
!!! 💕 ❤️,2
🩸 💣  ну давай,0
├─├╯╰┴╰█┼,1
💯 ^_^ 🇺🇦,2
🔪  ок💢,0
~ 🚶📻🤖😶,1
╰╯▒━┼,1
👌 🇺🇦 ❤️,2
ну давай💉,0
░╰═┼┤┼┼█╭,1
)) база🥰🇺🇦  🎉,2
)))  💪,2
😠  шок🗑️💩 🐷???,0
💪 ^_^,2
🚶  📻,1
═┤▒│╮┼╰││,1
☕ ..😶,1
💯😍+,2
├░░,1
😤🗑️  💩-_-  капець,0
✿ 🌸 ✨,2
🤷‍♂️,1
‼⁉ дно❌ ‼,0
🥰 👏 🤝,2
🎶 ❀  ☁♥,2
═││╯┤║║╯▒│,1
...  📌 🤖,1
╭╮╯▒▓├,1
❗❗L,0
🙏  😩🙏  😭,2
┬╯═╭│▓,1
💅 .. ☕🤖🤷‍♂️,1
🚶 🤖///,1
📌📺 📺..,1
💯  + 🎉,2
❓❗  bruh,0
жах 😡 😡🤮???🐍,0
+/-👀,1
☠ ок💣☠,0
😍🫶 🫶 🤝!!!11,2
💣 💢 💣 ок,0
🥰 😂,2
...🤖,1
😶///,1
😠😒- 😤,0
🙏🥺 🥺🙏будь ласка,2
💯💕 🤝))) 🥰,2
😩 😭😩😭,2
.. 😶 🤔,1
😍 🫶💯  🫶,2
👍👏  ору😍 )),2
..👀👀,1
┴═╯║┤█,1
🇺🇦 !!!11😂,2
🎉👌 🤝,2
🎉 🇺🇦 🎉 красава!!! 🫶,2
☀ 🎀❀,2
!!!11❤️super,2
💪,2
🐷 - 🐍🤦‍♂️,0
💪 💪 🤝  😍,2
🎉 )),2
💪😂імба!!!11,2
♡ 🎶  🌸❀,2
💣 ок🩸,0
♥ 🎶❀ 🎶♡вау,2
😡🐍 😠🐷 :(,0
🙏 😩😩 🙏 хочу,2
🎉 :)🔥💯😍,2
♥ 🌸  вау,2
☕ 🤔,1
+🫶🥰💪,2
💅🤖 ..🚶,1
😍 😂 !!!💪,2
🔥 💯 🫶:) 🔥,2
/📺,1
😩🥺будь ласка,2
👏 ❤️!!! 😂,2
▒▓║┤░,1
💊ок,0
💉🔫 ок🩸,0
💅 /👀,1
🚬 ок 💉,0
дно ⛔ ‼⁉⁉,0
дно ❓⚠🚫,0
💅💅  ~🤔🤔,1
💊🩸ок,0
😒 cringe ((,0
😭😩😩 😩дайте,2
┤│▓╰┴,1
💉☠мда,0
🚬 🔪 🔫 мда,0
👌👍)))ору,2
╰─┤█╮│┼═,1
🤔 🚶 📻 🤔~,1
топ🩸 💊,0
:( 🐍 🤢,0
♡ ✿ ☀  краса,2
🚶/,1
😶 🤔... 👀,1
👌💪 🫶 💕 ^_^,2
!!! 💪❤️,2
🎶🎶 🎀 ♥ вау,2
?!?!🤮 🤢🐷треш🤮,0
🫶 💕,2
⚠ ⚠⚠ жах  ‼,0
🗑️ :(жах 🤮,0
🇺🇦👏  :),2
💯 🇺🇦🤝💯 ++,2
🤡 🇺🇦🔥 💯💯,0
✨  🎀🎀⭐🌸 топ,2
👎 🤦‍♂️  🤦‍♂️  😡-_-,0
(((😩,0
💊  мда,0
📺  🤖 /😶,1
💢мда 🩸,0
☀  ♥  🌸 ♥✨  краса,2
☕ 😶/ 📻,1
🤮  🐍🗑️ ---,0
!!! W 👌,2
‼  ❌ ❓  cringe,0
┬╰▓▒,1
☕ 🚶,1
💊 🔫ну давай💢,0
🥺 🙏😩😭 будь ласка,2
❀  🎀aesthetic,2
мда ⛔‼ ⚠,0
... 🤔,1
💖💖вау,2
👇👇💅 ..💅,1
🤡 😂 🎉🇺🇦,0
-капець 🐍 🐍 🤡,0
based!!!11🇺🇦 😂,2
😠 😡 ---,0
💖 💖💖,2
▓│▓┤┤┴,1
😭🥺 дайте,2
💣  🩸топ,0
🫶  +імба🥰,2
👇  📺😶/,1
😍 !!!😂😂,2
🚶📌+/-,1
🗑️ 🐷  (((,0
‼ ❗  жах✖,0
🤡 😍❤️😍,0
🤡 💪❤️,0
///📌,1
🤖🚶🤷‍♂️ ..,1
👍 дякую,2
🐷L !!??,0
🤢bruh ???,0
🎉👍 😍🥰 ^_^,2
ок 🚬 ☠,0
🎀  ❀  🌸☀ 🌿,2
🩸 ну давай ☠🚬,0
😍 !!!11🤝  based,2
🥰 +,2
█┤╮║,1
📻 🤷‍♂️  +/-,1
✿ ✿🌸 🌸☀,2
☕.. 🤔👇,1
💕:)🤝,2
🤦‍♂️ 🤡 😠,0
💪  💕,2
ок 🚬  ☠,0
📻👇 😶,1
▒█┬├,1
😭 😭😭 😩 хочу,2
💯🔥🤝 :),2
🤔 ☕/ ☕ 🤖,1
▓╮┴├│┤▓╯╯,1
🤔📺😶  😶,1
)))💪,2
💅  💅 ~ 👀,1
📌 📻👀,1
база 😂!!!,2
🤝:)  👏,2
🥺😩 😭дайте,2
😩🙏🥺  🥺,2
💯 🫶 based❤️,2
❗✖жах,0
🤡 ???,0
😤🐍 🤢 🤦‍♂️  (((,0
🥰 super 💕  🎉,2
🔥 💯,2
▓┤━,1
мда 🔪 💉,0
💉💣топ,0
🙏 🥺 need,2
^_^👍🇺🇦,2
😭🥺дайте,2
🌙🌸🌙 ♡,2
❤️  лол🇺🇦 🤝,2
(( 😡,0
🙏🥺 🥺 🙏,2
‼⛔❓ треш,0
💯^_^👌,2
😩 😩 🥺будь ласка,2
📌  ...  📌😶👀,1
❓ ❗дно,0
🤡 🇺🇦  💯👌,0
💣ок ☠,0
👌😍😂+ 🤝,2
/ 😶☕ 👀,1
ок💣 🔫,0
...🚶 🤷‍♂️,1
🤡 👌🫶👌,0
ок 💊  💢,0
🐍 шок👎 -_-😤,0
ору !!!11 🇺🇦,2
🙏 😭 😩,2
🎶 🌙 ☀ ☀☁cute,2
🤮?!?!,0
🎉💕 )),2
✖🚫 ⁉ шок⁉,0
║┼━┤█═─,1
👀  👇 /,1
💢 🚬 ну давай,0
💕 🎉,2
👏  !!!❤️,2
🎉!!!11,2
🔪ну давай🚬,0
топ🔫 💢,0
🤮😩  🤮,0
📻🤖 /// ☕📺,1
~🤔 🤷‍♂️,1
...🤔🤔📻,1
+/-📌 🤔,1
🤖📺 🤷‍♂️,1
🔫 мда💉💊,0
дякую !!!🎉🥰😍,2
👇 📺  ~,1
😂+🇺🇦😍👍,2
🐷💩😡 :(,0
🥰 based 🤝👌,2
💕🇺🇦🤝  👍,2
║┤╭▒║░╰┼├░,1
~😶😶  👀,1
☁🎶♥ 💖 cute,2
║▓░╰┴║╰▒┴─,1
🇺🇦ору )),2
👏👍 👏 🫶,2
🙏🥺 🙏 🥺дайте,2
💉 ☠ 🔫 мда,0
🇺🇦 👌 👏,2
мда💊 💣,0
🇺🇦🤝,2
☁☀🎶aesthetic,2
🔪 💣 🩸  ок,0
🎶🌿 ☀✿cute,2
❤️ 🎉)))👏,2
🌿 ♥  ✿ краса,2
🤦‍♂️ 🤢 --- 😒,0
👌  💕))😍,2
💕 ++,2
😭😭 🙏 хочу,2
│║─┼┼,1
💯💕))),2
├─━,1
🤡 😤🐍 👎,0
🫶 :)красава  😍,2
╰══,1
❤️  👏 🫶,2
!!!11👍 based 🥰 💕 🥰,2
👇📺 🤖,1
🤷‍♂️ ///,1
^_^W🤝,2
✿💖✨ 🎶☀aesthetic,2
╯┴┴╰─▒╭─┬│,1
треш ❗ ❌ 🚫⛔,0
🚬 топ  💊,0
🥺 🙏😩 😭 дайте,2
╮┴▓,1
🤡треш 🐍  🤡 ??,0
✨🎶⭐ ♡♡,2
❤️💯 !!!11,2
🤢 кринж,0
🫶 🇺🇦:) ❤️🔥,2
🚶+/-💅☕  👇,1
😒 (((,0
▓┴┬╰▒┴┤,1
топ 🔪,0
L ❌⁉❓⁉,0
⛔❓ капець,0
👍🇺🇦,2
💢  мда,0
🤡 🥰💪,0
😂🥰 !!!11 😍,2
📻🤖,1
😤😒😩,0
побачимо💊🔪💣,0
🤮🤦‍♂️  🐍 :(🐷,0
🩸 побачимо🩸🩸,0
🙏 😩🥺  🙏 будь ласка,2
✨♥ ♡  ♡,2
🗑️ - 🤦‍♂️  👎🐍капець,0
🥺 😭  😩 будь ласка,2
!!?? 🤡,0
/// 📌 📻📌,1
/ ☕📌,1
✿🌙 🌸✨,2
❀ ✿ ♥☀,2
🤝👌 :),2
(( 🤦‍♂️ 🤮,0
📺 /// 🤖☕😶,1
🤡 🎉💪 🫶  👏,0
L⁉ ⁉ ‼,0
▓┬╯,1
⚠ ✖❓мда,0
---🤡🤡,0
🥰 !!!11  😂 💯  💪,2
❤️🇺🇦 💪👏 ^_^,2
😤 - 🤮 🤬,0
☠ ну давай 🩸🚬,0
?!?! 🐍жах 😒🤮,0
bruh🐷 🤬 🐍 🗑️,0
😩 -_-,0
мда💊☠,0
😤((😒 😒🐍,0
кринж-_-💩,0
~  🤷‍♂️,1
топ 💊 💊 🚬,0
├┤┬░║│,1
))) 💕based 👍,2
📻🤷‍♂️ ...☕,1
😒😒,0
W🥰💪 🥰,2
╯░┴┬┴─║▓,1
❤️ 🎉  😍 🇺🇦,2
☕  🚶 ///📻,1
+ 😂,2
:)  🎉,2
🥺 😩🥺🙏need,2
📌 +/-,1
🥰 💕 🥰 🎉,2
🌸🌙 🌿🎶,2
✿ ♥ 💖💖,2
🌿🎶☁  🎶 краса,2
^_^😂база👏 🎉🫶,2
🥺 🥺🥺need,2
🤔  💅/,1
🙏 🥺🙏,2
🥺😩🙏 🥺need,2
☕👀,1
/ 👇💅 😶,1
:( 😩🐷,0
💯,2
/🤷‍♂️☕,1
🚫 ❗ 🚫  кринж,0
⚠🚫 ⛔bruh⁉,0
🥰  👍 база,2
🗑️🗑️🐷,0
💕  :)🇺🇦🤝,2
🤢треш,0
!!??🤦‍♂️ 🗑️,0
///👇,1
💕  +👌  😍,2
👇///📺,1
🥰😂  🫶,2
▓━┴┤├╮█▓╭┤,1
🤡 💯🫶,0
✿ ♡♡🌿,2
)))🇺🇦,2
👎 -,0
🔥 💪!!!11,2
😂!!!🤝 super,2
💯  💯++,2
│▒╮═┬╯│╮━╭,1
│╮┴╮┼░█┤,1
дякую🥰  )))👏,2
▒╯╰┴╭▒┼═,1
💢💊🚬ок,0
🤔 🤖🤔 😶,1
-_-🤡 😡 💩,0
❀ ❀краса,2
.. 🤖🤔📻👇,1
🤡 🫶 🎉  🇺🇦👍,0
мда 💢,0
... 🚶🤔☕,1
???🤡,0
⁉⛔ мда,0
👌  😂  👌)),2
🤡 👍 🔥,0
😭😩😩need,2
👍,2
🌿 🎀 cute,2
💅🚶 💅.. 🤖,1
🫶 🇺🇦 :) 🇺🇦,2
^_^ 🥰,2
😩  🥺 need,2
⭐✿♥🎶,2
😠 жах  🤦‍♂️-🤡,0
░─│═║█─,1
─░║═,1
😡 😒😡:(😩,0
🤦‍♂️ 🐷 🗑️ cringe ???,0
👎  😒🤮,0
:)  ❤️🇺🇦,2
😩 🥺 🙏 🥺 хочу,2
♡ 🌿🌙  aesthetic,2
🤢  ?!?!кринж 🤮,0
✨ ❀ 🌿aesthetic,2
☠мда 🚬 💊,0
😍топ,2
((🗑️ 😩 жах,0
🔥 🫶 🤝,2
🤡 :(😠🤮 😠,0
█═╰─═┤═│,1
🤡 🤝 🥰,0
❌⛔ ‼cringe❗,0
├┤━█,1
❤️  топ)) 😍 🇺🇦,2
─█╮├,1
╮▒█┬,1
👌++,2
📻☕ 🤖  ...☕,1
╮┬├╰──,1
💉🔫 🔫 ок,0
😠🤬 😩,0
┼─╭▓─╯╮,1
💣  💢☠мда,0
🚫шок❌ ❗‼,0
☁🎶🌙🎶 ♥краса,2
? ,1
┼━─╰━┬┤▒┴┼,1
👀😶,1
🗑️ 😡 😒???  😩,0
💩 👎,0
топ 🔪🚬💊,0
📺💅 🤷‍♂️,1
📺👇 🤷‍♂️💅,1
✖ ❗⛔✖шок,0
побачимо💉🔪,0
😩  🙏 будь ласка,2
🎉👌))лол👏,2
🔥 🫶👌,2
😒 ?? 😡 🤦‍♂️💩,0
!!??  🤮🤮,0
💅+/-,1
++ 🤝💪 ❤️,2
🥺 😩будь ласка,2
???👎,0
ну давай 🔪,0
📺 ///,1
😠🐍🤦‍♂️,0
-🗑️ 😩  cringe,0
+ 🇺🇦імба👏❤️ 👌,2
😠🤮🗑️ ???😡,0
♥ ❀ ✨ вау,2
😭 🥺 🙏 🙏,2
├═║,1
!!??😩,0
/ 🤷‍♂️🤖🤔 🤔,1
😭 🙏🥺😩 хочу,2
📺 ..  🤔 👇🤔,1
💅/,1
‼ 🚫⚠ треш,0
🥰 😍  )),2
👍💕 💪🥰,2
+super❤️,2
❤️ 🇺🇦  👌 ору 🎉++,2
🤢  🤮,0
🙏 🙏🥺 🥺,2
🤡 😠👎,0
🐷 !!?? капець,0
🫶  !!!11🔥🇺🇦,2
🤡 👍😂,0
🩸  🩸🩸ок,0
🔪ок,0
🇺🇦🫶🎉,2
🤡 😂 🎉,0
👌 💯 ^_^,2
-_-😒 🐷🤬,0
🥰!!! 🇺🇦👍,2
🔫🩸 ☠побачимо,0
..  🚶,1
🎀🎶⭐🎶cute,2
🩸 ну давай,0
☁🌿  краса,2
✿💖,2
🤔 📻😶  ☕,1
🎉  імба+ 😂👍,2
мда🚬  🔫,0
▒█║║█,1
🚬побачимо,0
побачимо 🔪 ☠,0
█▒▒╮┤├,1
😍 !!!11 🔥,2
😡  😡??,0
━╰█╭━╯┴╰┼,1
👀  ~,1
!!!🇺🇦😍❤️,2
█║██━▒═╮░─,1
🙏😩😩 🙏будь ласка,2
╰┬█┬▒╭╯╯,1
///  📌 🤔 👀🤖,1
▒║█┼▒║╭╯┼┬,1
░║╯┴╮,1
мда 🐍  🐍  🐍 🤢,0
🔪ну давай 💉💊,0
+/-  🤷‍♂️,1
🤖~ 👀,1
💅📌☕,1
🥺 🙏🙏😩,2
├╮┬├░,1
│█▒──▓─├█,1
💯топ,2
🥺🙏  😩🥺,2
💪лол👏 👍 ))🫶,2
😍 👌🔥 😍!!!,2
😂  👌 🇺🇦based💪,2
😭🥺 хочу,2
📻📺  📌///  ☕,1
🤡 🎉🫶,0
🤡 🇺🇦🇺🇦❤️💕,0
╰━├┤║│,1
╰░┼█┴║,1
💊 побачимо💣,0
---🤬,0
🥺🥺 🥺 😭need,2
🔫 ☠💊 ок,0
+🇺🇦 💕❤️,2
🤮 💩 👎 🗑️??,0
🤝 )))👏🎉,2
🔥 😍,2
🤔 📺📌,1
‼⛔ жах,0
✨ ❀  🌸 ⭐🎀,2
😡,0
!!!11😍база ❤️  ❤️💪,2
╰▓━┬┴▒┬,1
🌙 ❀ ❀ ❀ топ,2
💯 👌 ^_^👍 👌,2
🤢 💩-,0
▓├╭░─█░┤█│,1
🤮((👎  😤L,0
!!!11 🤝база,2
мда 🤮,0
👀 🤷‍♂️,1
🙏 😭🙏,2
║░═┼╯─,1
)) 👌 💪,2
😭😩 будь ласка,2
???  🤦‍♂️  🗑️ L🤮,0
імба  👍,2
?? 👎,0
😩😭  😭 🙏дайте,2
🥺 😭🙏,2
🤢:(,0
лол 🫶,2
─▒├░╰░╯,1
🤔  📻 ☕ ///🤷‍♂️,1
💯  🥰:),2
💊ну давай🚬  ☠,0
💪 💕🥰🫶 ++,2
😭😭need,2
🤦‍♂️ ???,0
😩 🤦‍♂️  ((,0
🤡 💕 🫶  🎉🎉,0
ну давай☠,0
😭😩 😭😩,2
🤝💪 !!!11імба🥰,2
🎶✨✿aesthetic,2
🚶🚶 🤖,1
🎉😂🔥))),2
+ 🔥,2
..🤖,1
👍)),2
дно🐷 😡😩,0
🫶 😍,2
👇///  ☕,1
😭🥺 😭,2
😠🤦‍♂️🐍,0
┴┼░═┴├║▓,1
🔪💣  ок,0
🥺😭😩🥺хочу,2
😡🤮🤬 жах :( 🤦‍♂️,0
📻🚶 ☕😶,1
😩 😩🙏будь ласка,2
─┤├║█╭┼╮,1
👇🤖 +/-👀,1
/☕📌,1
.. 🚶📺,1
🤮?!?! 🗑️ 🐷 😠,0
😩 😭🙏🙏need,2
💪👌))) 🤝🤝,2
🤡 ❤️🔥😍,0
🫶топ ++👍🥰😍,2
█╯╰─█═┤▓,1
😭🙏 🥺,2
😍 + 😂 👏 красава🔥,2
/  🤷‍♂️🚶📌,1
))) 👍 🤝 😍😂,2
😂🎉 🔥😍,2
+/- 💅📌,1
W👌 🔥!!!11,2
🤡 😂👌💪,0
🤡 🤮💩,0
+/-😶,1
│╰┬,1
🐍🤦‍♂️👎:( 😩,0
🤢 🤢,0
❗ 🚫 капець ⛔ ‼,0
💪:) 😂❤️🇺🇦,2
🤡 💯  🔥 🥰💕,0
├▓╮▒┴╭┬│┴═,1
😭 😩🥺  хочу,2
╮╭╯▓▒┴,1
🐍🗑️ 😩  bruh 😩,0
🫶❤️ ^_^😍🫶,2
🤷‍♂️ 🤖,1
┴┬─,1
💪  ))🎉 🤝🤝,2
💣 🚬ок,0
💩👎🤮🗑️(((,0
🫶 !!!11 😂,2
💅 📻  +/- 👇,1
!!! ❤️ 👍 👌,2
👇👇🤖 / 😶,1
ну давай☠💉,0
ну давай🔪🔫🩸,0
👎мда,0
💪 🤝🤝 +,2
░╰├▒─┼▓╮,1
❤️ імба :),2
▒═┤├║═║│┴┬,1
💕  !!!11 🤝👏,2
░│┬╮╭▒░┤▓╭,1
!!! 🇺🇦👏💯,2
🤡 💯👍💪🤝,0
~🚶 🤖🤖 💅,1
😭🥺🙏,2
🥺 😭  будь ласка,2
💉топ,0
💢ок,0
///😶,1
💪))🔥 🥰,2
☁ ⭐ 🎶 краса,2
🤡 🫶 🫶,0
▓╯┼┼╰╰═│═,1
🤡 🇺🇦👌 ❤️,0
🫶)) 💕,2
🫶 🤝 😂👍,2
🩸топ 🩸,0
капець🤦‍♂️-_-🤡😤,0
👍!!!11🥰,2
║█┬╮┼╭,1
│├▓━╰╯│┼▒,1
😩🥺😭 🙏,2
!!!11😂 🔥,2
💩 🤬 ???🤮,0
🤖🤖 😶,1
🤡 👌 🫶 💯 😍,0
🔥👍,2
█─▓▒╯╭├╭╮,1
🌿 🌙 ⭐♡❀,2
🥺🥺 🙏 дайте,2
😤 🤡 🐷 😩,0
❤️))  😂 💯 💕,2
👌  👏,2
╮┴━━┼│╯╰│,1
🩸 💣💢мда,0
жах⛔ ❌,0
!!!11 👏імба💪,2
🎉 👍 😂 красава💕!!!,2
мда (( 🐷,0
╭▓╮██╯╰╭,1
😩 🙏 🥺🥺  дайте,2
треш‼⁉,0
☁ ♥ топ,2
😂 ❤️ 👍!!!,2
‼ ❓  bruh  ‼,0
++😂😂❤️,2
😂🎉😍  🇺🇦++,2
🇺🇦 🤝 )) 🫶,2
╮━█╰║├┬,1
👌👍❤️,2
🌿❀,2
┬═▓╰├╭├,1
╮▒┬,1
😩 🥺дайте,2
━║┼┼,1
🐷 ((🗑️ 😠🐷,0
☕☕..👀,1
🤷‍♂️👀 📻 ///,1
🚶👇🤷‍♂️📌  +/-,1
━░╯,1
🔥 🤝  🇺🇦  !!!🎉,2
красава 💕,2
💉 🚬побачимо☠,0
❀ ✨ ☀ ♥🌸,2
😶 😶///📌,1
🚶/📻,1
▓═╭║┤▒,1
🌿🎶,2
🩸 ок🚬,0
🚶/// ☕☕,1
😒👎,0
👀🤖...😶  🤔,1
⛔ ⚠капець ❗,0
╭┤─║█,1
🥺🥺 😭,2
///👇📻📻,1
!!!❤️  🥰 👏 🎉,2
(( 💩,0
💩 ???,0
😠жах ?!?!,0
💉 ☠ ок,0
🌿🌿 ♡,2
🥺 🙏🥺😩,2
☀🌿 ♡ ♡🌸,2
🥺😩,2
💩 😒??🤢💩,0
(((😠😒 🤮,0
🩸топ ☠,0
👎-🤦‍♂️,0
╮━▒╯┤,1
🎉💕 🫶+🎉,2
┬┴│┬╮╭━,1
🤢 😩  (((,0
++👏 база  💪,2
~🚶💅,1
▒╮█,1
🥰:) 🔥,2
+ 👏👌,2
😭😩😩 хочу,2
░║▒█,1
│║┬┴,1
❗ ⚠шок,0
🐷😩👎🗑️,0
🔪мда  ☠  💣,0
👏 ❤️!!! 🤝💕,2
??🗑️ 🐷🐍,0
💢💢 🔫 топ,0
😩 🥺 😭 😩будь ласка,2
💯👏 ))),2
╰█▒├,1
😠?? 🤢,0
---🤢😩 🗑️💩,0
🚫 ⛔мда❗,0
((🐷 😩😠🤮,0
😩 🙏😩 😩 дайте,2
🤬 😩 😒  😤,0
🎶  ♡ ⭐🌿 топ,2
🔥!!!11,2
🤦‍♂️🤬 💩,0
-🐍😠кринж,0
👍++🤝,2
🤢😠:(,0
😩 🥺 будь ласка,2
cringe❓🚫⚠  ⁉,0
═┴├░║,1
мда💢💣,0
🗑️🤦‍♂️дно🐷,0
┤┼├█││╯═┴┤,1
‼‼жах  ⛔✖,0
база 💕,2
═┴┬╰,1
🔫побачимо,0
🤡 🎉🎉👏🫶,0
😭😩 😭,2
┬━┤█══╭┼,1
🤬🐷 ---🤬,0
💉 побачимо 🔫  💊,0
💕++ 🎉,2
🤔 ☕ .. ☕📌,1
.. ☕👀,1
😩 🤬🐷((( 🤬,0
🤷‍♂️☕ 📌 ☕,1
побачимо💣,0
❓⛔❗  ⚠bruh,0
/☕,1
😠 🤮,0
🐍🤦‍♂️ L,0
- 🤬 😒  😡 🤦‍♂️,0
🔥👌++,2
based💪👌!!!11 🫶,2
🤮🤢 🤢,0
🤝super  🤝,2
🤡 💕 👏 🤝,0
🥰імба++  👌,2
🐷 ??🐷 🗑️ 🤡,0
✨  🌙вау,2
🤝)) 💪,2
cringe 😤 (((,0
✨🎀💖♥,2
🥺😩😩🙏будь ласка,2
👏 🇺🇦😂+ 🥰,2
🔪 💢мда,0
🤖🤷‍♂️ 💅🤷‍♂️,1
🌸🌿 ♡ 💖,2
+💕,2
☕ 🤷‍♂️ ..📌  🤷‍♂️,1
│╯╯,1
🚬 💢  ок 💣,0
✖ ❓ кринж,0
💣 ок 🔫,0
🥺😭😩 need,2
✿  ⭐ aesthetic,2
~👀,1
💕💯 👌👌++,2
☁ 🌿,2
♥ 🌙  ♡  cute,2
☠🔫💊ок,0
🫶 😍 :),2
💣 топ  🚬,0
📌,1
💣топ☠,0
⚠ ❌  ‼  ❗жах,0
✿ ⭐♡🎶,2
не працює ,1
😤?!?! 🤢💩🤬,0
╮╮╭├╯╭▒┬─,1
━╭═╰╯┼━█,1
🔥🎉+,2
🗑️-  капець 🤡🤦‍♂️,0
🔥,2
🔥😂,2
😂))),2
💯❤️ 🇺🇦,2
🎉 👌 🥰!!!11,2
🤢🤦‍♂️,0
L 👎,0
/👇,1
🤡 🥰🫶,0
💩??? 🤮😡🤢,0
+/-🤖,1
📺 ☕,1
👏 :) 👍,2
☁ ✿ 🌸 вау,2
┬╰┴├┬═,1
🔫ну давай 🔪,0
✨  ☁,2
??🤦‍♂️,0
❗ капець‼,0
🚶😶  😶👀,1
╭╯─╭░█║,1
═┬━║┴,1
шок❓  ⚠,0
🫶 👌,2
☕,1
(((  жах💩🤬,0
🐷L((,0
!!! 🎉 💕,2
▓┬┴║┴╮┬╯▓,1
┤╰│▒╮,1
📺☕☕📌,1
🔥^_^👍🥰🔥,2
😂красава,2
❗  треш ⛔ ❗  ‼,0
╰┤┴,1
📻 📌📌///🤖,1
😂 !!!11,2
🤡 👍,0
🙏  😩 дайте,2
🙏🥺дайте,2
!!!11💕💕💕,2
☕ 🤷‍♂️💅 📺,1
🤬 😡  ??bruh,0
💉 ну давай💉,0
💯  😍!!!,2
🤖🚶  ☕🤷‍♂️+/-,1
✖ ⛔ ‼треш 🚫,0
⚠дно❓,0
📻/👇  👇😶,1
super 😂+,2
🥺 😩 хочу,2
🫶🥰👌💪+,2
🐷🤮 ?? 🤬,0
🌙 ♡aesthetic,2
╭┼╮,1
/  ☕📻,1
^_^ 🇺🇦 🤝,2
///  👀,1
🙏 😭🙏хочу,2
🥺 🥺  need,2
😡  🤡  -_- 🤦‍♂️🤡,0
😭 😭 😩  🙏,2
☀ ♥  ✿☀✿,2
жах 🤮 :(,0
🎉!!!,2
👏  ++🔥🎉💕,2
─│▒═│┬╯,1
?!?!  😒 🤮 🐍,0
/ 📻 🤖,1
(( 😤😡,0
🫶💯,2
💯  ))💕💕,2
🤡 🤝😂 🇺🇦 💯,0
🤬 !!?? 😩  😠 шок  🤮,0
🎉!!!11 🫶💯,2
побачимо🚬,0
━┤┬,1
😡---  😒,0
😶 📺+/- ☕🚶,1
🌸✿♡  ♡🌙,2
┬┼─█╭░╯━━╯,1
🌙✨☁ ☀,2
))💯 🤝😂,2
💕  🔥 ++,2
⁉cringe ❗❗,0
+/-🚶  👇👇,1
╰░╭║▒,1
жах 🐍--- 🤮,0
🤡👎🐷,0
╮╰╰│║═━┼╮,1
💅 📺+/-,1
╭│━,1
▓├╯┤├╮┼,1
😶 📌😶 ///,1
┼░═┬║█▒├░╮,1
🌿 💖вау,2
💊🚬 ок  💣,0
💅,1
██▒─,1
❓ ⛔ ❌  шок❌,0
🎉 💕,2
┴├╯┤─╯,1
))👍 ❤️,2
🤡 💩 🗑️ 🤬,0
🚶👀💅  🤖,1
🗑️  😤😤 💩,0
👏😂 🥰🇺🇦,2
☁♡🌿🌙☀,2
🚶 👀+/-,1
👏💕  🥰,2
┤│─▒━━,1
🔪 🩸мда🩸,0
🔥🥰 база🤝🇺🇦,2
──┼║┤╰║─━▓,1
😂 !!!11🤝,2
┤█━│╭,1
капець‼ ⁉,0
💯  ❤️база !!!11,2
🤡 ❤️🔥 😍,0
🎶✿⭐✨краса,2
┤╮╭,1
😭😩 😭 😩need,2
⭐ ♥🎶,2
++🤝🎉 🎉😍,2
-_-😒 🗑️,0
мда ✖‼,0
---😠 🐍,0
┤─▓┤├,1
🤡 😍😂 👌,0
☠💊побачимо,0
🤮 ---,0
🩸топ 🔪,0
💕😍🎉,2
))) 🤝,2
🌙✿ 🌙 ❀,2
?!?!😤,0
🎉 😍  🔥 ))  🇺🇦,2
🙏 😩🙏🥺,2
❤️ 🔥❤️,2
─╮╮╮,1
━─╭,1
🙏 😩 😭,2
👀 📌,1
👏 ++ 😂,2
♥🎀🌸♥ ✿  cute,2
💩😩-_-,0
🥺🥺🥺😭 будь ласка,2
🎀🎶♡ ✿ 🌸 aesthetic,2
🚫 мда ❓✖‼,0
🫶 🇺🇦😂  +,2
топ 🩸🚬💉,0
🤡 :(😤,0
🤢 🐍  ((🗑️,0
)) 🔥база 🇺🇦 🤝,2
🤢 🤢 ?? 🤡,0
✖🚫 ❗кринж,0
+/-👀💅,1
🤝 ❤️,2
🫶 🤝,2
ну давай ☠ 🩸💢,0
🤖 💅~ 👇  📻,1
📻 🚶  +/- 📻,1
?!?! 😒дно😡,0
☕💅👇 ///,1
🤦‍♂️ ??😠,0
🤢 (((🗑️😩 🤮,0
┤━│░█┼├╯╭,1
💢 🚬 🔫 топ,0
🥺😭🥺 🥺дайте,2
побачимо  💉 💉🔪,0
🐍💩 🐍,0
🔥🇺🇦!!!11 🤝👌,2
побачимо ☠,0
🤝👍 💕,2
💪🎉  👏,2
топ🔪,0
~😶🤖  🚶🚶,1
🥺🙏  🥺 🙏хочу,2
🎀 ☁ ✿❀,2
🚶+/-,1
🤦‍♂️👎 😒😤((,0
├━╰├,1
🗑️ -,0
😩😡😩,0
🤡  -,0
⁉ ❗дно ‼ ❌,0
😭😩😩 need,2
🤡 🥰 💕,0
▓╮━,1
█┬┤╰,1
⁉  ❌❌  bruh ⚠,0
🔫 💣топ💉,0
🎀 🌙🎶,2
🇺🇦👍 🔥 👍,2
📌 😶 ☕...👀,1
━┤░┼╰▓░▓┴,1
^_^ 🥰👍 💯 👌,2
-😠 😡,0
++ 🥰 💪🔥,2
✿⭐🎀❀ краса,2
ок☠💊,0
👍 💕 ^_^,2
🥺😩 😩дайте,2
💪💕🔥!!!,2
💊☠ ок 💉,0
🇺🇦)))💪  🔥😂,2
🔥🥰,2
⛔⛔ ✖  кринж‼,0
☕🚶 📻 😶,1
☕👇///,1
░╮┤,1
😠!!??🐍,0
:) 🇺🇦🫶 💪,2
☕  📻👇 🚶,1
красава )) 🥰 💯,2
┴▓█━┬─,1
💅🤖/🤔,1
🤷‍♂️  🤔 👀🤖,1
💊  💊 топ,0
🚫 ❌ ⚠мда⛔,0
👌 🎉!!!11🇺🇦😍,2
❀♥🎀  ❀,2
топ  🔫,0
💯 👏 :),2
🤝^_^ 👏 😂імба,2
💊 ну давай💢,0
👏 💯 👏😂 )),2
😭  😩😭😭хочу,2
😭 😩 🥺 😩хочу,2
🗑️😠 ---,0
🌙 🎀aesthetic,2
❗ ⛔ дно,0
🐍 💩💩-😡треш,0
.. 😶📌,1
─┴├│┼,1
😩 😭 дайте,2
побачимо 🚬,0
♥ ✿⭐ ⭐топ,2
🫶 🫶 💕🥰,2
🤦‍♂️  треш,0
═─▓┬█═█,1
🫶 ❤️ 👌^_^,2
🤡😩шок🐷,0
🤡 👍 👏 👌,0
👇🚶 📺/ 😶,1
:) дякую ❤️,2
👌 🤝 !!!11💕,2
лол 🤝,2
🚶🚶🚶 👀,1
/// 💅👇  👀,1
✿ ♡aesthetic,2
🤷‍♂️💅,1
🔥!!!,2
- 😩🗑️🐍,0
🎶  ❀  🌙 ✿,2
═│╭╰━├├║,1
🎀🌸 ❀ 🌿,2
😩 😭  дайте,2
🤡,0
🩸 💊побачимо 💣,0
☠ 🩸 мда💣,0
🥺😩😭😩,2
⚠⚠❓  мда 🚫,0
💊💊мда,0
🌙🎀краса,2
...☕🤖,1
💉 💉  ну давай,0
🎶☀☀ ☀🌸,2
🔪  ну давай☠,0
🌙 🌙♥ 🌙✨,2
😭 😭  🙏  будь ласка,2
😡  -_- 🤦‍♂️мда🐷😤,0
🚬топ,0
!!!👍,2
🚶 🤔📌,1
дно😠🗑️😒 🤮,0
шок  ⛔ ❌⛔ ⁉,0
😩  😩?!?!🐷,0
🥺  🥺  🥺,2
✿♥✿ cute,2
🤡 🤝 🇺🇦 🫶,0
🔫🔫  ну давай💉,0
😩🤬🐷 🐷,0
💩 🤦‍♂️  (((😒 🤦‍♂️,0
😩 ((,0
💊 🚬💣побачимо,0
💯 🤝,2
┴╭░,1
♥✿☁ 🌸 топ,2
👌 💕 +🤝,2
🐷 🤮🤢 ?!?! капець,0
🤬-👎,0
🌙 ❀ aesthetic,2
👀  ... 🤔🤷‍♂️,1
├╭═┤▒▒,1
🤡 😍 🔥,0
...👇 ☕ ☕ 📌,1
😶 /// 📻,1
😶..,1
╮█─║,1
│┼├,1
👌😂super 👌,2
??? 😡 😤 мда 👎💩,0
🤡(( 🗑️ 😒дно,0
┬╯├═┬┬╰╯╮▓,1
🙏 😩 😭  😭  хочу,2
шок🐍 ???🤮 👎🤬,0
🥺🙏 😩😭хочу,2
топ  💊 🩸 💊,0
█│╮┬┤░─┤━,1
ок💢💢 🩸,0
🤢🤦‍♂️ -_- cringe,0
😩  😒cringe  🐍😠-,0
┴┴┬─▒━┴━╮▒,1
👏 +,2
🙏 🥺🙏дайте,2
🌸🎶🎀🎶,2
─┼╮║▓╰▓║╮,1
╰─▓┼,1
--- 💩,0
👌))🔥,2
💕топ 💕👏🤝,2
🐍 😠  -_-шок  🤡,0
/// 👀 👀,1
🤡 🫶 ❤️  🤝,0
🙏😭 🙏😭,2
🔥)) 💕🫶 💪,2
😭🙏😩дайте,2
│░║,1
💊 мда 🔪🚬,0
🎶☁ ✨,2
═╰░│,1
🤢😡 💩 -,0
👇  👀 👀😶,1
))) 👍,2
═├╯╰╮─╮▒─╯,1
-_-🤢 💩 🐍,0
👍  ))) 👍💯🇺🇦,2
🤡 👌🥰,0
😩 😭 хочу,2
🔥  😂  💪:)💯,2
🔫 💊 ну давай💉,0
🗑️-,0
😍 🥰 !!!  👏 імба,2
🚬🩸мда 💊,0
+/-☕👇,1
🤦‍♂️😒,0
📻 📻🤖..📻,1
база 💪❤️ 😂  🤝!!!,2
🔪💣 ну давай💊,0
👇 👀 ...🤔 😶,1
побачимо  💉 🩸 💢,0
😭🙏 😩  😩будь ласка,2
💖  ☀ топ,2
😂🤝:)👍👌,2
❓ ⁉cringe⁉ ‼,0
☕ 😶 👇👇,1
❀🌙aesthetic,2
☀  ☁ 🌿,2
║░┬┼╯▓┴─,1
━──│░│─░,1
🎉 🥰  😍,2
╭┬├─┤░█│,1
💕 🥰👌)))  🤝,2
🌸♥ ❀♥⭐  вау,2
🔪 топ,0
☕ ...,1
:(🤦‍♂️ 😤треш👎🤢,0
😭😭🙏 😭,2
🤡 🇺🇦❤️🎉🤝,0
🤡 🥰🥰💪,0
мда  😩 💩 👎  - 🐷,0
-_-капець💩 😠,0
😭 😭🙏дайте,2
///🤖,1
☕📺 👀+/- 📻,1
🐷🤬 🤡🗑️,0
капець⁉ ⁉  ⁉,0
🤷‍♂️  💅🤔 ///☕,1
топ++  👏,2
😭 🙏🙏😭,2
💩 -_-,0
😶 📌,1
🤡 🎉😍💯👌,0
😤🤮🤢треш,0
🩸  ок🔪,0
🇺🇦!!!💯👌 дякую👌,2
💖 ✿  🌙🎶 краса,2
🤖 😶 🤷‍♂️ 🤷‍♂️,1
топ🔥🎉)),2
🤝 👏👍 :),2
+👌,2
🤝 +,2
👌))) 💯 🇺🇦,2
📌/// 🤷‍♂️,1
█▓═╭╭╰,1
││█╯├─┼,1
┴┴│╭┬,1
🥺 😭need,2
🥺 😭дайте,2
📌 +/-🤖,1
ору😂  ^_^,2
🙏😩🥺 🥺,2
🚫  🚫⛔ cringe ❌,0
дякую++ 🤝🤝,2
❤️ 😂😂 🤝,2
💊 топ,0
😭🙏,2
L 🤦‍♂️:(,0
┬┼││╭━║,1
🔥 база,2
┴╭━,1
💣 ну давай,0
🎀  ❀ cute,2
⛔cringe❌,0
🤔☕ /📻,1
😩 😩 😭🙏 хочу,2
🤡 💯💕,0
👏  !!!11😂,2
🤡 🫶👍  👍 😍,0
+/- 📻 🤷‍♂️,1
❗🚫❗ cringe,0
│║╯║┬╰─│┤│,1
😍  ))) 👏,2
)) 🥰 👌 😂,2
🤢-_- 🤬 💩,0
))🫶  💪красава,2
:) 👌 🎉 🤝,2
!!!💪,2
┤─│█┤╰,1
💕 !!!красава,2
🤢 😠 :( 😩 😤,0
┴┼┼▒,1
кринж ❌❓,0
🤔📻,1
🚫шок⚠,0
👇 🤔 😶 🚶 ...,1
█┤░┴─═█╮╰,1
📻📌  ~ 👀,1
💕👏,2
👀☕ 🤔,1
💊 ок🔪,0
❤️ 👍🎉 😍,2
побачимо🩸 🚬,0
?!?!  🤮,0
🙏🙏🙏,2
🤡 ❤️👏🥰 🇺🇦,0
🤡 👍💕👍,0
)))👌👏,2
🇺🇦 super😍  🤝,2
🌸⭐ топ,2
╰╭█╯╯╰═━├╮,1
▒┼┬──╮█┤╰,1
побачимо💢💉,0
👍👌 🫶  !!!😍,2
👎🤬  треш :( 😩🗑️,0
😍 👌👍  !!! 🎉,2
👌👏🔥 💪,2
...👀 🤷‍♂️😶,1
😩 😩 😭,2
🎀 🎀,2
:)🥰👌🇺🇦,2
│║┼┴═├▒,1
🇺🇦 based^_^🇺🇦,2
🤡 😍🇺🇦😍💯,0
─╭╭,1
💕  💯 ^_^,2
красава 💪 👍😍 ❤️,2
❓ шок🚫🚫 ⛔,0
капець??? 🤬,0
📺,1
ну давай💢🩸,0
🇺🇦 🥰імба  👏,2
😭😩need,2
топ🩸 🩸🔫,0
🤡 🤬 🤢 🐍,0
?? 😡,0
:)👏👍 😂🔥,2
💊💢🔪ок,0
📺🤖+/-  👇📺,1
👍 ору)),2
++ ❤️,2
┤┼├─│─,1
🚶.. ☕ ☕ 📌,1
🚬🩸ну давай,0
bruh  😠---,0
⭐☀🌙🌸,2
😭🙏 😩,2
👏 😂 💯,2
🫶super💯 !!! 🫶,2
🤔 👇  🤷‍♂️,1
✿ 🎀 ☀♡💖,2
❤️)),2
😩:( 🤦‍♂️👎,0
🤡 ❤️💕💯 😂,0
👍 super🎉 ❤️ 🔥 !!!11,2
💯 !!!11❤️,2
кринж ❓⚠❓⁉,0
📌💅///,1
━╯├╭═╯├█┼,1
🎀 ✨ топ,2
🤷‍♂️🚶  😶 🤖/,1
+/-💅,1
🚶 📌 🚶,1
!!!11👍ору  😂💯,2
🎉 імба❤️,2
🤔  😶  😶 💅///,1
💊 ну давай  🚬🔫,0
🤔 📌 ~📺,1
┤▒┤├┼│┴┬░,1
💅 /☕,1
💯++🔥,2
🤡 🫶 😂 😍 🇺🇦,0
---🤡 🐍,0
😡!!??🤮  L,0
ну давай 🚬 💊 🚬,0
🇺🇦  ++  🥰,2
~💅🤔 👇,1
🎀☀🌸 ✿♥ cute,2
:(  🗑️  🤮 🤢 🐷,0
🥺🥺  🙏,2
🤢 ((,0
📌📌+/-🚶💅,1
🤮 ?!?! L 🗑️,0
▒├═╰━┤▓█├,1
🎉😍  W,2
⛔ L  ‼ ⁉⁉,0
🫶 ^_^ 🥰❤️топ,2
❤️^_^W  🇺🇦 😍,2
🤔 👇+/-,1
🫶  💯 😂))🥰,2
🔥 W:),2
💩?!?! 😤,0
/ 🤖 👇 🤔,1
😂  💕❤️  !!!W💕,2
:(🤬🤦‍♂️ 🤮💩cringe,0
..👀,1
🤡 🤝❤️👏🔥,0
═▒╯─╭▒══,1
😩??🐍,0
─╮╮┴┬╮,1
🔥❤️❤️,2
---🤡 cringe🤡,0
🥰💪🥰,2
💊мда💊,0
?!?! 🤬🤡😒,0
🗑️ 😠bruh,0
╯─├┴║┴,1
🔥 ору💯  💯,2
─┼┬═╮┬│┴,1
побачимо 💢,0
кринж 🗑️🤦‍♂️ 🐍🐍 (((,0
🇺🇦 !!!,2
║─║┤┼─╯├┴,1
╯░│,1
👇  📺 /// 👇,1
━░█║╮░╰╯├║,1
👍 )),2
-_- 😩🤢 😒,0
☁☁ ✨ 🌸,2
кринж 🐷🤮 😤 🐍,0
💊  ☠ 🩸 побачимо,0
█├║╰┬,1
🩸💉 ну давай 🚬,0
┬┴═█━,1
┼▓╭┼▒,1
^_^🔥🔥,2
☁ ✿♥🎀✨,2
💅 🤷‍♂️📺...💅,1
💯🇺🇦 👏)),2
║█─╭═│─┤,1
((( 😡🤬 🐍 💩,0
🤢 🗑️,0
🇺🇦  😍 :),2
🤡 💕🫶,0
😭🥺  😩 need,2
┤═║▒░┴║┴,1
💕 імба😍 🎉))) 🥰,2
🔫 🩸 ок  🚬,0
😩🥺😩дайте,2
✨ 🌿  aesthetic,2
⛔❌ L‼,0
😡  🤬 😤-bruh,0
😡  -_-🗑️ 🐍,0
🤡 ❤️💪 😍👌,0
побачимо 🚬 💣🚬,0
▓┴┴╰┬,1
🤡 👌 🤝 ❤️,0
+/-🤔 ☕,1
🐍 -_- 🗑️😡 🤦‍♂️,0
❌ жах✖❓,0
😒🗑️-,0
🤖 👇 👀 💅,1
🫶:)  лол 🤝 👏,2
│═━╯│╰─├░╮,1
💪 🥰++,2
💣 побачимо 🚬,0
🤖📺😶 📺,1
♡ 🌙 ✨,2
капець  😩 🐷!!??,0
🔪☠ 💉 ну давай,0
+ 🎉,2
🤦‍♂️😤  😤?? 🗑️,0
))🥰топ,2
🎉 👌^_^ 👏,2
❗✖жах ⚠ 🚫,0
/ 👇,1
📺/😶,1
😍😂 🫶 🫶,2
🤬cringe  -_- 🤦‍♂️🤢,0
👍 🇺🇦 🤝))),2
🎀☁🌙♡ 🎀 топ,2
🥺 🙏 🙏  need,2
🤬((🤮,0
дякую 👌)),2
🎉💯 👌:) 👌дякую,2
😒 🤦‍♂️😡шок,0
🌿 ✿ 🎀 ☁,2
❀  ♡ 🌿 🎀 cute,2
ок💊💣,0
based)))  💕🇺🇦,2
🌿🌿 🌿✨вау,2
👎bruh-_-🤮,0
??? 🤡💩дно,0
║▓─├▒╮█├,1
🤮🐍L,0
😂 👏 🤝 !!!11,2
🤷‍♂️ ...☕  🤖,1
💉🔪 топ,0
😩😤 ((,0
ок🔫 💢 🔫,0
☕  ... 😶👀,1
☕+/-,1
⚠⁉ ‼ L,0
👇  📌🤔,1
...🤔,1
😡🐷 🤡  🐍,0
🌸❀cute,2
☕ 😶 🚶... 👇,1
🥰👏based !!!11,2
❌⁉жах⚠,0
🙏 😭😭 😭need,2
🎀🎶 🎀 ❀,2
💕  ❤️❤️!!!,2
🙏🙏 need,2
╰═░━┴░╭,1
💖♥♥топ,2
😩😩 🙏🙏 хочу,2
👎🗑️ -_- 😤,0
😩 😭 🥺,2
📌...  🤖,1
...  🤔🤔 ☕ 🤔,1
🙏 🙏🥺дайте,2
📌 +/-👀,1
👎🤬 🐍 😒,0
✨⭐,2
🤝🔥)),2
💕🫶💪  ))) 🎉,2
☀⭐ ❀ ☁🌙aesthetic,2
🤡 👍 😂,0
😩  😩😩need,2
///🚶🤖🤔 🤖,1
─═║,1
┼░┴━╰─,1
топ 🔥 🫶 ^_^,2
🤡🤮 капець ??,0
╯┬╯░│┤,1
╮╮╭▓╭┴╭╮,1
)) 💪🫶,2
👍super+😍,2
🔥 💯😂,2
😭🙏 🙏дайте,2
─╭╭╰┬┴═,1
~🚶 🤔 👀,1
🤖+/- 📌,1
🔥🎉 🔥 :),2
😂:)😍,2
🤦‍♂️ 👎 😩,0
👏🇺🇦  🥰 🥰,2
┼█▓▓░─░,1
┬│░,1
🎀 ♥ ❀❀✨,2
🤡 🇺🇦💕🔥😂,0
📌🤷‍♂️💅 👀,1
+/-  🚶🤔👀,1
💪+,2
😭😩🙏 😭,2
🤡 👍  🤝  💯😍,0
топ 👌😍,2
💪 👏 👍 🥰,2
☕🚶,1
🤝  ^_^😂 красава,2
🤡 🥰,0
🌿 ♡  cute,2
♡  🎶☁ ☁,2
😤 💩 🐷,0
ок  💣 💊,0
⁉ ⚠‼❗ треш,0
▒┴┴,1
⁉ ❓  ❌ ⁉ треш,0
😍 лол 👍 👌 🫶)),2
❌ bruh⛔ ⚠ ❓,0
☕ +/-,1
🙏  😩 будь ласка,2
🤔🚶🤔,1
♡🎶 🌸,2
📺👇📺📺+/-,1
✨❀☀ 🎶💖,2
👀📺 ...,1
🤦‍♂️🤦‍♂️  😤??😒,0
~🚶,1
🙏 😭🙏будь ласка,2
▓┼╯║▓╯━,1
👇 🤔👇,1
🇺🇦))),2
⛔  ❗⛔L❌,0
⚠❓🚫❓cringe,0
🙏 🙏🙏🙏,2
╰┤━─├█─╰┬▒,1
┤╮─▒┤║─▒┬,1
🔫топ  🚬,0
💕😍 🇺🇦,2
🔥 🥰💪👌,2
++ база 🔥,2
🫶  👌 імба :) ❤️🔥,2
█╮▒╯╯,1
📺 .. 📌 🚶☕,1
♥🎀,2
😭 😭,2
🇺🇦 💕👍💕,2
мда 💉 ☠,0
⛔ ❌‼капець✖,0
🤝❤️🎉,2
ок  🚬,0
кринж 🤬-_-🤡😒,0
😒 💩 👎 !!??,0
🤡 😂 💪,0
🎉  база +🎉,2
❗  ✖ ⛔⚠дно,0
+💪 👏 😂 😂,2
🎶💖☀  ☁  вау,2
╯├│═╮║▓╰,1
🙏 🥺  🥺  need,2
💯 👌😍,2
👏 😍 based++💯💯,2
(((🤦‍♂️😠,0
🌙 🌸 ⭐☀♥краса,2
🥰 💪 🤝))🤝 красава,2
┼═╯▓─┴├,1
красава 🫶🔥💯 ^_^,2
👌 💪💕,2
⚠‼⛔капець ⛔,0
░▒║█┴─,1
!!?? 🤢 шок🤡😒 🐍,0
!!!11 🫶,2
✖ треш⛔✖ ❗,0
побачимо ☠🔪,0
┴─━║━╮┤═├,1
🎀☁🎀,2
🤡 🤝👍 😂 ❤️,0
├├┬┤▓─╰╮,1
⭐  ♥✿ ☀,2
├╭━━│║▒,1
😶  💅..☕,1
😩🥺 😭 будь ласка,2
📺 🤔,1
??👎  😠🤬,0
😠 🤡cringe??? 🤢,0
─├█,1
▓║┼,1
/ 🚶🚶  🤷‍♂️ 📺,1
^_^ 👍 👌,2
🫶👌,2
🔥))😍💪👌,2
🎉 ++💯🇺🇦,2
🐍:(,0
╮╮╭║║,1
😭 🥺,2
✨ ☀ ✨ 🎀,2
🤡 😂🎉🤝,0
🥺😭хочу,2
🔥 💪база!!!,2
║║─│──╰│╯┴,1
❀  ✿краса,2
🎶⭐🌙вау,2
топ💉🔪🔪,0
🤡 🤝💕 🎉,0
!!!11 😂  імба 🎉,2
ору🇺🇦,2
☀🌿🌙 ☀✨,2
🤮 🤡 🤦‍♂️,0
💅 🚶  ☕ 📌 +/-,1
+/-🤔☕,1
║━▓▒┬─═├▒,1
bruh❌ 🚫 ❗,0
)) 🤝👍 ❤️😂,2
🔪💣💊 ну давай,0
.. 🤔,1
🥰  💯🇺🇦 W  🔥,2
-  😩  🗑️,0
❀♥,2
🤷‍♂️.. 💅👇 📻,1
🫶  👏 🔥,2
💅😶📌~,1
W😂💕+,2
❤️:),2
🤖💅 ...  📻,1
🇺🇦 💯 🔥 ^_^ super💯,2
💅 ///,1
😶 📻☕... 👀,1
├══│║─█┬├━,1
❌  ‼❌ капець ⚠,0
🤔 🤷‍♂️🤷‍♂️,1
❗мда 🚫,0
🔫 💊 побачимо,0
❤️ 🥰❤️ ❤️,2
❌ капець ⛔,0
🤝😂 based  😍💕,2
))🫶🤝,2
☁☁,2
🌿 ♡ 🌿,2
┬┴╭━░┬,1
⭐🎶 ❀,2
мда💣 🚬🔪,0
🔪  мда 💢,0
... 📺,1
ну давай💊  💣💢,0
🤡 😍❤️,0
‼❓капець,0
🎉 🇺🇦  👍  ++  based,2
👇...  🤷‍♂️💅,1
🇺🇦 ❤️🇺🇦,2
❤️!!!11,2
🤡 💕💯,0
🤡 🤝👍,0
🥺🙏 need,2
🌙 ✨☁ cute,2
🤡 🎉  🔥😍  💯,0
🤡🤮,0
🥺 🙏 🥺,2
╯█│▒━,1
▒╮╯▓═┼╮┼,1
╮─│░┤▒╯,1
побачимо 💊,0
🔪🔫 🩸ок,0
🔥топ 💕^_^,2
😍 🎉 🎉)))💯,2
⚠ ⁉ дно,0
🚶+/-🤔🤷‍♂️,1
👇 👀🤖👇,1
🐷 🤮 🐍,0
?!?!🤮,0
+💪,2
😒 bruh🤦‍♂️  (((,0
😩  🙏🥺,2
🚬 топ💢💉,0
дно ✖ ❗,0
😩 🥺🥺,2
╯─╰░▒┼┤█,1
😭  😭,2
✿ 🌙 ❀краса,2
💕))) 🎉,2
💊💊 💊 ну давай,0
☀❀🎶☀вау,2
🤡 😂🫶🫶😍,0
├║╯,1
📺 📺 📺/ 💅,1
👏))),2
💅 🚶 🤔 📌/,1
☠мда,0
░▓─┼┼║█╮╯,1
🤬???😠,0
╯═║━├,1
🤡🐍🤦‍♂️:(,0
🥺 🥺 🥺,2
▓╯┼─╭╭═,1
😡  😩😡!!??,0
+/-🚶 📻,1
топ🔫,0
🌿 ♥ 🌿 ♡🌿,2
╰╮█║│╮│┴═,1
мда 🐍,0
🙏😭 дайте,2
░├╭╭═┤┤,1
🤡 💩(((  🐷😩,0
🤡 ❤️👏💕,0
база:)💕 👏,2
╮═┼░░━┤█┬╯,1
▒║┼├═▒┴,1
█┼▒,1
😭 🥺🥺 хочу,2
🐍🤢 🤬 - 🤢,0
💪 +,2
‼❌ ✖  шок,0
🔫🔪💊ок,0
👀📺/🤷‍♂️,1
🎉💕🤝👍 !!!,2
🤖 👇  📌🤔,1
💕 ))),2
+/-👀 😶 📌,1
🐍(((🐷😡🐍bruh,0
📌... 💅,1
☠ну давай💊,0
📌🤖 😶 👀,1
👇 👇📌🤔 ...,1
⛔❓ кринж,0
🌿 🎶 ♥ ✨cute,2
├║│║││,1
база🤝))),2
красава💕:),2
💉 ок💉,0
🙏🥺 🙏  need,2
шок ❌  ⛔,0
👍:)  👏,2
super😂👏,2
🤡🤬,0
😭😭 🙏,2
💯 🎉💪🥰,2
💪 🔥  😂,2
✿♥,2
треш 😡😤🤬  😤,0
♥⭐ 🎀 вау,2
♡ ⭐,2
🤡 🫶🎉,0
📺.. 🤷‍♂️ 👇,1
❗‼ шок ✖ ❗,0
👌 W ❤️🇺🇦,2
🎉😍🇺🇦 +👏,2
👀... 📌,1
😩🥺  🙏,2
!!!красава  😂,2
┴▓▓▒,1
🤝 💪 +😂🤝,2
🎶 🌿 топ,2
╭╮╯,1
🚬ок,0
📺 📺  +/-😶 🚶,1
:)  🇺🇦 💕,2
█░╭,1
╭┼├▓═├▒─,1
☠ топ ☠,0
🥰 :)🫶,2
жах⚠‼,0
🤡😡💩,0
🔥💪 👍 лол^_^,2
┼╰╰╭│╰│,1
!!!11  🥰дякую  🔥,2
🤖🤷‍♂️,1
❌ капець⁉,0
💕  🔥 ^_^ ❤️,2
⁉кринж 🚫,0
😭  🥺  🥺,2
)))🤝ору 😍  👏,2
👀 ...,1
💉ну давай 💉,0
🎀 ☁ ✨♥✿  топ,2
☁  ♡,2
👌  💪:),2
🥺 🙏😩 need,2
ок💣🚬,0
❓ cringe ⚠,0
🚶📻🤔📻,1
🙏 😭  🥺 дайте,2
📻..☕ 👇,1
💪💕💪  💪,2
-🤬 😡👎😒 дно,0
☠ побачимо,0
⛔  шок❌ ✖,0
☠ 🔪 💣 побачимо,0
☕ 🤖🤔,1
!!!імба 💯🥰,2
▒┼╭┴,1
🙏  🙏 😩 хочу,2
😭 😭хочу,2
💣☠ побачимо  💊,0
✿  ✨ ♡♡ aesthetic,2
📻 💅😶,1
🐷😒  👎😩,0
😩 😩🙏🥺 дайте,2
🤔🤖,1
💣 побачимо💊💢,0
🥺 😭,2
ок💊 🔫,0
▓╯█─│,1
👏💕!!!11 👌,2
╯║▓┬═┼║,1
super💪,2
🌿 ✨ ✿  ✨,2
‼ ❌ треш,0
:(🤡😩,0
╰║┤│╯,1
🥺 😩🥺 😩 дайте,2
🌿 ♡ 🌙,2
)))  🔥 🔥 😂,2
👇 /🚶🚶 💅,1
💢  ну давай,0
🇺🇦  🎉❤️:) 🎉,2
❀✨ 🌙🎶краса,2
🤖🤷‍♂️ /👇,1
/🤔,1
╰╮┴│┴,1
☁ ♡✿ ♥ cute,2
🎉^_^ 🇺🇦,2
❀  🎀топ,2
💯!!!  🫶,2
👀  🤖,1
🤡 😍 😂,0
топ🩸🔫 💊,0
💊  🔪  топ🔫,0
🤢  💩😡??😒,0
😒 🤮🤬,0
🤡 😂🇺🇦,0
🤮😤,0
🤦‍♂️  (((,0
🐷 😒🤮 ???,0
║═░┬║┤,1
/// 📺🤖,1
🙏 😭  🙏,2
💕 W,2
💅☕... 💅,1
🔥 🎉 :)🔥👍,2
♡ 🌙♥♡ ✨,2
..🤖 📌,1
😡 🤦‍♂️ 😤😒,0
😩 ?!?! 😡,0
((( 💩😤 😤  💩,0
топ🥰 )),2
╯██░├█░┼┼├,1
😭 🙏 😩 дайте,2
.. 🤖☕,1
╭│╮╰╮├█,1
?? 🤦‍♂️,0
///👀🤔,1
👌🔥😍 😍,2
??😤 💩 🐍треш,0
^_^ 👍 🤝,2
🙏🥺🥺 дайте,2
🤮😤- 🐍 🗑️,0
💯  ❤️ 💪😂,2
ок🩸💢 💢,0
📌 ☕+/-  💅,1
📺🤖👀  / 😶,1
🥰😂💕 😍,2
😍 :)  💯😍 топ,2
👀📌///,1
☕ .. 📺😶 📌,1
🙏  🙏🙏 дайте,2
🥰)) 💯👌🥰,2
😩😩🙏  хочу,2
🎶☀ краса,2
🤬 --- 😡👎,0
💪 👍,2
║│╯╮▓═╭▒░,1
🤔///🤖,1
📺🚶,1
🎀🎀топ,2
😭 😩хочу,2
░┼╰║┤┴╭░┬░,1
побачимо 🩸☠🚬,0
👏 😍 🔥 ^_^,2
🐷:(  кринж,0
🚫кринж  🚫⛔ ⁉,0
🤡 👍 🫶 💕🥰,0
🤬🐍---  👎,0
😶 📻😶 👀,1
‼ L⁉ ⚠,0
🌿❀aesthetic,2
🥺🥺  🙏 будь ласка,2
++ 😍🫶,2
🗑️ 🤡 🤢🤢,0
🙏😩хочу,2
✨  🌸краса,2
:(😡 треш,0
👎😒🤦‍♂️cringe,0
☀❀ 🌿🌙🎶,2
🤦‍♂️  :(,0
:(  😡,0
!!!🔥💯👌,2
---  🐍  🐷 мда 🤦‍♂️  😡,0
?!?!🤡🐷😡🤡жах,0
▓╮╰,1
⁉  ❓треш⚠,0
░█┬─┤▓,1
👀  💅😶/😶,1
🤢 😡😩 🤦‍♂️,0
👏 💕,2
👍  👍based,2
🌙✿вау,2
👇💅 +/- 🤖👀,1
🤷‍♂️ ☕,1
🩸  🚬💣 побачимо,0
█░║┴░║┼╯╮┤,1
❓ ❌кринж ⛔,0
🤢🐍😤 😒 (((,0
┤░▒▒█┤,1
топ 💢🔫 ☠,0
+/- 😶,1
░█┴┬▒║─▒,1
😍💕++,2
🤮 💩 !!?? 🤦‍♂️,0
bruh ❌ 🚫 ‼,0
🙏😩,2
❤️ ++,2
┤╯░,1
L 🤡??🤮,0
☕+/-😶😶  📻,1
╭┼▒╰│░┤█├╰,1
🌙❀ ♡,2
👍  super 👌  ++,2
┴▒░╮─│▒,1
ок💉,0
🤬(( 💩👎🤮,0
капець ⚠ ✖,0
❗шок ❌,0
🇺🇦 👏,2
🤡 ❤️ 😍,0
мда  💉  💣🔪,0
💊  💣 ну давай ☠,0
🤡 🤝👌💪,0
🔪☠  🔪 ну давай,0
!!!топ  😍,2
⛔дно ✖,0
🙏😩 🥺🙏,2
╭│╭▓░┤├╰,1
💉  топ,0
💊 💊топ,0
😭 😭  😩  need,2
мда💣💊🩸,0
🔫побачимо☠🚬,0
♥ ♥💖❀🌿,2
🎉 🥰 🤝 !!!,2
побачимо💣 💣 🚬,0
😩😩😭 need,2
🚬 побачимо,0
🤔 ...👀 👀📺,1
😍 :),2
✿❀🌙🌿 топ,2
🤡 🔥 🤝,0
W  !!!😍,2
💖💖⭐ aesthetic,2
😒🗑️ ??,0
~ 💅☕,1
📌///🤔😶📺,1
based💯))💪,2
👍 😂+  💯,2
---🤡🤡 🤦‍♂️,0
🤮 😠((,0
🐍  -_-,0
😍))імба 🥰 💪 👏,2
💉💉 топ,0
ок 🚬  🔫 💉,0
🎶🌸🌿  ✨,2
?!?! 😠,0
мда 💣 🩸💉,0
!!!😍🇺🇦,2
👇 📺🤖 🤔  ///,1
🚶  🤖,1
🤬((,0
🤝🇺🇦,2
🤡((  треш😒 🤡,0
💪  👏 🔥  🎉,2
👇👇 /,1
👍🔥👏 !!!😍,2
🤡 🥰 🎉💯,0
🔪🔪мда,0
🌸❀ краса,2
👀 👇 📻,1
💊ну давай💊,0
📌/// 📻📻 🤔,1
+💪 💪 🥰,2
/// 📺📌 📌,1
+/-  🤔,1
😂👏🤝,2
┤│╯█,1
♥ 🌙,2
:)🔥,2
)) 👌 👌,2
🤡 💪  😂,0
))) ❤️ 👍,2
🎉 🇺🇦 🔥  +  💯,2
✨🌸 🌸 🌙aesthetic,2
мда  💊 💢,0
😡🐍😩 ((,0
super 🥰 🎉💪 !!!11,2
✨ 💖 ✨❀🌙,2
‼✖ жах❌,0
👀📺 📌,1
🎀 ☁🎀✿ ✿,2
🤡 💯,0
+🎉  🔥 🇺🇦 👌,2
━━│├║╯╮─,1
💢 мда,0
👎 😡 bruh,0
▒━█╰━█,1
┴│─░╭╭▓┼╮,1
─┴┼,1
👌❤️^_^🔥 👍,2
😠 👎😒🤦‍♂️,0
❤️:) топ  🔥,2
😡  🤢дно??,0
♡🎀 ♥ ♡ ♥,2
🥺 😩 😩 😭  будь ласка,2
🙏🙏 😭,2
🗑️ треш 🐍---  😩,0
📺💅..🚶,1
┼╭├├─▒█┼,1
🤮 🤡  🤬🗑️ :(,0
😩?!?!,0
🫶^_^імба,2
??🤬🤦‍♂️ 🐍,0
┴━┤│,1
^_^ 😍,2
😠🤢🐷мда((( 🐍,0
🗑️,0
☀♡ ♥♥краса,2
🚬ну давай,0
😂 based+😂,2
:) 😍👌база🇺🇦,2
😍👌🫶,2
💯👍 база💕🫶:),2
☕📻📻  /,1
☁💖 🎀☀ топ,2
😒🤮😩🤮,0
🌙🎶,2
ок 💣,0
╰╮━╰┤│╮▒,1
░├▒━▓█├╭,1
♥☁cute,2
☠топ 💢 🚬,0
побачимо💉🔫💣,0
├▒┼█░╰┬░═─,1
🐷 😩 😩??🤢,0
дякую!!!11 🫶,2
⁉  ‼треш‼  ‼,0
💊 ну давай💊 🔫,0
👎треш🐍,0
😠🐷👎 ---🐍,0
капець 🗑️ 🤬 ((💩,0
📺👇 👀,1
!!!👌,2
👏++ 🇺🇦W 😍,2
🤷‍♂️ 😶///,1
😭 🙏🥺 будь ласка,2
💉💉 мда,0
😤  🤮😒 🤮,0
🐍(( 🤦‍♂️  🤮 🤡,0
‼ bruh ❌ ⚠❓,0
╮━═█,1
🥰 )) 🥰 база🫶,2
🎀♥✿🌙🌙 вау,2
👇👀/🚶,1
🙏😭 будь ласка,2
┼├╯├╯│╭━,1
(((😡,0
дякую !!!😂🎉,2
🐷 😩 😡,0
📌☕ 👀,1
🤡 🔥👏 🔥🇺🇦,0
🤮🤦‍♂️???,0
🌙  ✨ 🌿♡ 🌙 краса,2
🙏  🙏,2
🌸✿,2
)) 😍👌,2
👏 🇺🇦 🎉 W ))),2
🤮🤬 ---,0
👎😡🗑️(( 🤬,0
🫶W !!!,2
~😶 👇,1
▓▓┴║│▓╭╰,1
база👌👏,2
🔥!!!🎉👍,2
😩жах,0
❓ ⚠ ❗жах,0
📌 🚶  📻 💅,1
🔥 👍 топ:)😂,2
💢ну давай 🩸💢,0
🤖/☕ 👀,1
🌸🌿 🌿 🎀,2
...  🤷‍♂️🤖🤖,1
👇 ..🤔,1
📻 ...,1
🤢 😩,0
👌 💪based🔥 + ❤️,2
☁❀  ♡,2
🥺😭😩🙏,2
🚶😶+/- ☕💅,1
❌❗ жах,0
👎,0
═┬├╰┬│,1
‼✖✖ дно,0
🔫побачимо 💣🚬,0
🤡 🔥 🇺🇦,0
💕 база🥰,2
побачимо 🩸,0
🤡мда 😩:(😒,0
┼┤█─├┴╯,1
💪👌🔥 !!!,2
👀 ... 😶,1
✖  жах ❗ ‼❗,0
🚬 топ,0
┼║▓┬├┴─,1
✨ ✿💖🎀🌸краса,2
...  ☕🤔🤔,1
🤦‍♂️,0
+ 💯,2
⚠ ‼ ❗❌ капець,0
🌙♡,2
👀///,1
😤🤡 😡🤮,0
😭🥺🥺 need,2
☁♥ 🌙 ♡,2
🤡 💪,0
😡 🤡 🤮,0
☠💊💊 ок,0
├┼┤,1
---😩,0
😭 😭 need,2
👌👌  !!!11,2
📻///💅 🤷‍♂️,1
━╰░━░═█,1
😭🙏 🥺 need,2
⁉bruh  ⁉,0
- 🗑️bruh,0
💕,2
🤡bruh !!?? 😤😡,0
🤡 💯👌,0
🥺 🥺 🙏😭 need,2
🌿💖🎶♡🎶,2
...🚶🤖  ☕,1
bruh (((  😒,0
~💅👀,1
+/- ☕📌👀 💅,1
▒░━━╯║─╯▒,1
💢 ну давай💣🩸,0
❤️ 👌  💯 💯,2
!!!11 👍,2
🤬💩 ??,0
🥺🙏дайте,2
🩸мда🔪,0
😭 🥺😭  😩,2
😠🐷 😡,0
🥰 😍  :)😂 🎉,2
🇺🇦👌🎉🤝 !!!11 based,2
🥰 :) 💕,2
👌🇺🇦,2
🇺🇦!!! 👏super💕,2
🥺 🥺😩,2
🐍?!?! 🐷😒,0
╭━█║╯░▒░─╭,1
📌📺👇☕,1
😭 😭 хочу,2
🫶  ❤️ ❤️ :),2
++ 💪,2
╭┬░╯╯▓╮┼╮┤,1
👌 😂🇺🇦❤️,2
ну давай  💣🩸,0
~ 👇 👇,1
++  🇺🇦,2
🤖📺..,1
🤝😍 😍++,2
┴│╰├,1
├▓▓┼▓,1
😩!!??💩🤢,0
🙏 😩 🥺,2
ок 🔫,0
😠😡,0
😂 👌👍🔥,2
/// ☕👇,1
💉 🚬топ 🔫,0
🎶 🎶❀ 🎀aesthetic,2
ок ☠ 🔪💣,0
))👌based  😍 🇺🇦,2
дякую  👍 💯++  🎉🫶,2
😍 😍!!!11💯 😍,2
/📺😶,1
⚠ ‼bruh❗⛔,0
🔪побачимо,0
🤖 🚶,1
🥺 😭 🙏 дайте,2
👌👏,2
💕))👍 👍🎉,2
❤️ 🫶W❤️))) ❤️,2
🙏 🙏хочу,2
🤡  🗑️ ???🤡треш👎,0
🙏 🥺  🥺хочу,2
❓  ❗⁉  капець,0
╭╯▒├┼├━░,1
топ🔪🚬,0
┼│┤─,1
🥺 🙏🥺 🥺need,2
🤬👎  😩😡,0
⚠❓  bruh ❌,0
+/-🤷‍♂️,1
👏!!!🇺🇦🥰,2
/😶📻 📻 🚶,1
🤡 💕 🤝 👏🎉,0
побачимо  💊💉,0
┼╯█░┼,1
🔥!!!💯 🥰,2
⁉⛔ ❌‼ bruh,0
❌❗ ‼ ‼ треш,0
🤝🥰+🤝,2
✨ 🌿 ♡🌿🌿aesthetic,2
🔥 👍 ))  😍,2
🤝🔥))) 🔥,2
║├┬,1
😩🙏🥺 дайте,2
((🤦‍♂️ L  😒 😤,0
🫶 👏 ^_^  👌💪,2
🙏😭,2
)) 👌❤️ 👌,2
👍:)💪 🤝 🫶,2
!!! 🥰🎉 👍красава👍,2
👍  !!!11,2
🤡мда 🤡,0
🐍 😩😠😠 ??,0
🌿🌙🎀🌸топ,2
дякую💯😍,2
❀ 🎶,2
✨🎶  🌙 🎶cute,2
ок  💊,0
┤╮█─║,1
✿ 🌙,2
bruh 😒👎🐍,0
топ ☠,0
✿ 🌸♥,2
⭐ ♡cute,2
... 👇,1
🙏 🥺🥺,2
... 😶,1
🤡 🔥👏 🤝,0
💊💣  мда,0
💪^_^,2
~ 📻,1
)))🔥 🎉🇺🇦,2
🐍🤡  😩🤬,0
❤️ 👏  )))  😂❤️,2
🤡 🔥💪 🫶,0
🎉+😂,2
▒━├╰━═╰▒,1
⛔шок✖ 🚫⛔,0
🤬👎  ((( 🐷,0
📌 📌💅,1
🗑️🐷 🤬😩кринж,0
🥰  🎉))🥰 ❤️,2
😤😒 🐷🤡,0
❀🎀🎀♥ 🌸,2
💕 🇺🇦super🥰,2
├━▓░─━╮,1
👇😶🤷‍♂️🤷‍♂️,1
♥🌙 cute,2
ок 🩸 💊,0
📌 💅😶👇,1
++💯🥰 😍,2
((🗑️ 🤮🤬,0
🤡 🇺🇦 👏,0
☕ 👀 📻 📺,1
💉💊ок,0
🚶  😶  🚶  ~,1
📻🚶 ~,1
🫶  ^_^🇺🇦👌 ❤️,2
💊 🩸 ну давай 💉,0
👌  )))👌🫶 😍,2
✨❀ ♥♥,2
🚶  +/-😶👇☕,1
🤡 🔥🥰🤝🇺🇦,0
😠🤬-_-🤡дно 😠,0
🚶🤔,1
🗑️ 🤦‍♂️ !!??,0
┴╰┼┴┼,1
🫶❤️💯😂++,2
💯🔥 🎉 🔥,2
❀⭐ 🌙,2
💉мда,0
😭 😩 need,2
🤷‍♂️+/-👇🤖 👀,1
+👍💕 💪,2
🤔🤷‍♂️ 👀+/-,1
🤡 🫶💯🫶,0
♥✿💖 🌸🎀 вау,2
🙏 🙏🙏дайте,2
😭 🙏дайте,2
😭 🥺😩 будь ласка,2
☠💣 🩸побачимо,0
--- 😡 😠 😠🤢,0
?!?!🗑️😤 😤,0
)))💯❤️,2
cringe🚫 ⚠ ❓ ⁉,0
👌💕👍 👌 +,2
‼ L❓❓,0
🎶 🎀 ☀⭐,2
╮█┬╮╮▒,1
😭😩 🥺 need,2
⚠ ❗L❗‼,0
💣мда💢  💉,0
╮├╮┤━┤┤━┤█,1
+ 👏,2
🤡 💕 👏🎉 🥰,0
база 💯 ))),2
🐍 L,0
❀ 🎀,2
♥ ♥ ♡  cute,2
☠ ок 💊,0
╭┬║░║┴│,1
🤮???,0
..  👇☕☕,1
🤷‍♂️...😶,1
👀 💅,1
^_^ 🇺🇦🔥🔥🇺🇦,2
🐍??,0
🙏 😭🥺 😩,2
╰═┼█┼█░║,1
:) 🤝,2
❗шок ⛔ ‼🚫,0
📌🤔🚶📺,1
+/-☕,1
🎉 👌 💕🥰!!!,2
│═░║┤│├║,1
🐍🤦‍♂️😤,0
/// 📺,1
🥰😂💕^_^W,2
👌🔥красава !!!11,2
❗cringe ❗,0
мда ❗‼🚫,0
!!!11👌,2
💊💊☠  топ,0
📺 👀,1
❗  bruh ✖❌,0
║║├═━─╮,1
🎉💪😍:),2
😂красава +,2
♥ 💖💖,2
⛔дно ⛔,0
😭 🥺  need,2
🩸 💣 топ,0
👇 🚶  ..👀,1
🤢🤦‍♂️ -_-,0
🤢🤦‍♂️😒 😒,0
❀  ☁,2
⛔ дно ⛔,0
⛔ ✖ ⚠  ❗  мда,0
📻 👀/  ☕,1
🤡 😠 😩,0
🫶🇺🇦 🇺🇦)))🔥,2
🐷 ---L,0
⚠ жах🚫,0
🫶:)🤝,2
???🐷 💩 👎,0
☀ 🌙  🌿 ❀,2
ну давай 💣,0
🥺 😭😩,2
🩸 💉 🔪 мда,0
♥☀,2
🥺 😭🙏🙏 хочу,2
🌿 ✨✿ ✨,2
/📌,1
:(🤡,0
--- 🤦‍♂️,0
🥺😭😭 🥺,2
🤔..,1
🤡 😒😡 😤,0
💣топ,0
🎉,2
🎶💖🎀  🌸,2
💖☁✨,2
▒▓█▓█─,1
!!! 🤝красава ❤️ 🎉😍,2
🤡 👏 😂 💪🫶,0
🐷🐷😤 ??,0
╰┼█║,1
💣☠ ок☠,0
═╰╮┤▓┤╰,1
😒 🤦‍♂️,0
▒═─,1
🤡 🫶💕,0
👇 ~,1
🤬:( 😒😠🐷,0
‼❌⁉ шок,0
🇺🇦💪👌🇺🇦,2
😂 super🔥👍 😂!!!11,2
)) 👍 🥰,2
🤦‍♂️🤮,0
🇺🇦  😍 ))),2
👏😍👍!!!,2
🌙❀🌸,2
🤬-,0
!!!11👍😂,2
🤡😠 ?!?! 🤦‍♂️😩,0
─▒░,1
🐍🤦‍♂️🐍,0
жах🚫  🚫✖,0
❤️  🤝,2
💉  ок💣,0
🥰 !!!11💕❤️ 👏,2
💖✿✨ ✨,2
🥰  👏 💯^_^,2
♥ 🌿💖топ,2
😠😠 🗑️ 🤢,0
)))  ❤️,2
🤡 👍💯 😂🫶,0
🤡 жах👎 😒,0
▒═▓├│,1
💊  топ,0
😭🥺😭 дайте,2
🤦‍♂️ 🤦‍♂️ 😒,0
побачимо 🚬☠,0
━╰═░┤╯├╭╭,1
╭┬─╰┬│▓╮┤,1
👌+  🎉 💪 🥰,2
🥺 😭🙏 хочу,2
━▒╭╮├╮╰▓,1
🎀🌙💖🌸 aesthetic,2
^_^😂🇺🇦💕🤝,2
╭╰┤,1
мда💊 💢,0
+💕 😍лол 👏,2
🔥 !!! 🥰👏,2
💢побачимо 💢  ☠,0
📺 💅,1
🤦‍♂️ (((🗑️ 😒,0
⛔ ‼cringe,0
🎀🎶  ❀☁,2
⁉капець‼❗ ✖,0
👍❤️  💪🎉  !!!,2
📻~☕🤔  👀,1
🔥👍❤️,2
⭐ ♡,2
лол 🤝💪 🇺🇦,2
🤦‍♂️???,0
🚬 💊  побачимо,0
🚬 ☠побачимо🔫,0
📻💅,1
😶 👇  👀 📻 ///,1
🤡 😍 💕,0
💖 ✿🎶🎶🎀,2
🤦‍♂️ 🤮😒мда !!??,0
мда🩸💉,0
🔥 ❤️  👍))),2
❌⁉  ⁉⁉ мда,0
🤡😩😡,0
🇺🇦  !!! 🤝 🎉 👌,2
🤡 🇺🇦💯🤝,0
👏))) W,2
🥺😭  😭  🙏,2
😠 (((  🤡,0
👌 лол )),2
👍🎉 ^_^👌💯,2
🐍 🗑️ cringe🤦‍♂️🤢-_-,0
✨  ♡ 🎀 топ,2
🤷‍♂️ 💅  ☕ 🤔,1
💅👀 👀,1
🇺🇦  👏 !!!11😍,2
🎉 🇺🇦  👌🇺🇦)))лол,2
🚶 🤷‍♂️ .. 🤖  👀,1
‼⛔треш⁉⚠,0
(((🤬,0
😩 🥺😩😩дайте,2
█│╯╮▓╮╰╰║━,1
🤡 💯💕 👏,0
- 😡😒 🐍,0
🚶🤖 🤔 ☕..,1
⛔ ⚠‼ дно⚠,0
🤡 ❤️👏 😍😂,0
👍🎉,2
━┬├╯╮░╭┼━,1
╮│▓┴┼,1
🔥 👏 )) 👍🔥,2
⁉cringe ⁉❗‼,0
💊☠топ,0
🥺😭 😭 будь ласка,2
🥺 🥺😭,2
😂 !!!,2
❓  треш⛔❗,0
))) 🤝👍,2
🤬🤡 -_- кринж,0
🗑️ ((( 😩,0
😭🥺,2
─┼━┬█┴│═,1
🔪💣 мда,0
імба+ 😍,2
🎶✨ вау,2
🤡 👌 😂,0
мда⛔ ✖,0
треш🚫✖,0
🥰  ++🎉,2
кринж🤦‍♂️  🤮,0
♥☀ ☁ 🎶❀ aesthetic,2
👍 😍 👍 +,2
🤔👇👇 📺,1
👍 💯 ^_^ 👏💕,2
мда 🤦‍♂️  😩 😠,0
┼├▓┤═┤│╭┼╭,1
))) 🔥🔥🔥 👌,2
═▓╰▒║┼┴▓,1
⭐💖 ☁краса,2
├┼┴┼,1
😭🙏😩,2
🤡 💕 🔥 🇺🇦  👌,0
😭😭 😭,2
побачимо🔪,0
✨ 🌿🌸,2
😭🥺 🙏😩дайте,2
👇 / 👇,1
🤡 💯 💕,0
!!! 👌,2
💖 🌸 ☀вау,2
☠мда🚬,0
❤️🔥 ))),2
😭  🙏дайте,2
🎀🌿вау,2
🌙☁☁,2
😠  🤬- cringe,0
ок💊,0
❤️🇺🇦  based  :),2
💖☁☀вау,2
😤 😤,0
🇺🇦 🇺🇦 )),2
😒 🐍 !!??😤,0
😂+🤝,2
🤡 😍 🫶,0
super))👏,2
‼❓ ‼⛔ L,0
🤡😩,0
🌿♥✿♡ 💖 вау,2
🚫 ❌шок⛔,0
🩸  🚬ну давай,0
🤡🗑️ ((( L,0
мда💢💊🩸,0
🔪 ок 🚬,0
🤬 (((,0
😠🤬  ???кринж,0
ну давай💉🚬 💉,0
💕 !!!11 🇺🇦🇺🇦лол ❤️,2
🐷😤 🤮((,0
///🤷‍♂️📻,1
?!?! 🤢,0
💣 побачимо ☠ 💢,0
дякую🎉🥰 !!!,2
━├┤┴┴,1
📻 ..,1
🤔🤖~,1
👌 ++,2
💅📺,1
💪 💪💕,2
((( 😒,0
😍🔥👏  😂,2
┴─┬█│▒░╭╯,1
^_^❤️,2
👌 лол,2
🤡 🫶😍,0
👀 🤷‍♂️.. 😶 🚶,1
😠 ???,0
⛔ дно ❗,0
▓║═,1
✖🚫 ⁉мда,0
L😠 👎 (( 🤦‍♂️,0
+/- ☕📻,1
🇺🇦 🤝 👌 😍,2
┤┤┴█║├╮╭├┬,1
🤡 🤝💪,0
😭  😭 🙏 🥺,2
│┼├░┼┬,1
😍  ^_^  👌,2
💖🌿  aesthetic,2
🤡 💕🎉👌👏,0
ору 👌  +  🎉,2
топ  :) 💕,2
📻/🤔📻,1
🐍🗑️ ???,0
🤔/👇,1
кринж  ⁉ ✖🚫 ❗,0
😭😭хочу,2
:(🐍💩,0
🫶!!!  💪,2
🔥 🫶  💪++,2
═█╰,1
треш‼ ⚠ ❌ ⁉,0
🩸 ок,0
😡 🤬  😒 😤  (((,0
❌ ❗bruh,0
📺☕ 🤷‍♂️,1
🚶 🚶 ~ 📻 👇,1
🇺🇦 🎉❤️🤝,2
?? 🗑️,0
┤┤│╰║░╯▓═,1
━▓━,1
❀ ☁ 💖☀,2
📺👀,1
🤝!!!👌,2
💅☕☕ 📻,1
🤡 🎉💪 💕,0
🗑️?!?!🤬  👎,0
💩🤮🐷шок,0
🔫  💉🔫ок,0
🤬👎 дно🐍  🐷???,0
─░┼╰┴╮║│,1
💖  ♡  🌿 ☀,2
💉 🔫топ,0
🤡 🥰 🤝,0
😂 🥰 :),2
💢  ок🔪💊,0
👀  📺📻,1
😭😩😭,2
💕  🇺🇦👍 💪 база,2
!!?? 👎🤦‍♂️,0
ну давай💊☠,0
┼╰│┤├╰,1
.. 🚶 👀,1
🤬🤢  😡,0
❓ ✖❓cringe  ‼,0
🚫 мда❌ ❌,0
🤔 🚶 🤔,1
😩😡 ???🤦‍♂️ 💩,0
🤡 😂💯🇺🇦 🫶,0
🥰імба))),2
😩🤦‍♂️?!?! cringe  🤬,0
ну давай 💊,0
?? 👎 😒 😡 😒,0
🤝^_^🇺🇦🫶,2
🤔 📺 🚶  📻,1
🎶 ♥,2
☕ 👇 👇  /👇,1
🫶👍 😂)))  🥰,2
😠 -  🐍шок 😡😠,0
❌ cringe ❓⛔⚠,0
👏 👍 ))) 🫶,2
✿❀,2
🤬!!??  🐍L,0
┴░╮║━│░╭├┤,1
🎀  ✿,2
ну давай💢,0
😶😶  🤷‍♂️ 📺,1
☕ 🤖  📌,1
⛔ ⚠  ⛔ кринж ❌,0
🙏 😭  🙏  дайте,2
... 👀📺 💅,1
🎉 👍  😂база!!!11,2
?? 👎 😩,0
👀🤷‍♂️ 📌🚶,1
топ  💉 🚬💉,0
мда  🩸💊,0
══▓┴┼,1
☕👇,1
⛔ ⚠дно⁉,0
😠😠 💩 🤢,0
╮│┼╭═╭,1
╮█▓▒┼╯╭║┴╮,1
треш🐷🤢,0
╯┤┤┼┤╮┤╯█,1
♡🎶,2
🤔  😶 ..  📺🤔,1
👏  👌❤️ ❤️:),2
🗑️ 🤢 -🐷 🤬,0
🩸 топ  💊,0
((😡  😩,0
╰▒──╮,1
😍  ^_^,2
?? 🤬,0
💅 ☕  💅  /,1
😩шок🤦‍♂️!!??,0
🗑️👎🤡 ((( 😡,0
💯 🥰 ❤️😍,2
?? 🤢 🤡 L🗑️😠,0
💊 ок,0
‼❗  ❌ ‼жах,0
bruh⛔⚠,0
╮╮╰,1
❀ 🌿 ♡  ♡  cute,2
😩😭😩 🙏,2
💉  побачимо,0
+/- 🤔 👇,1
🥺 🙏,2
🙏  😭 😩,2
⁉ cringe⁉⁉❗,0
🤦‍♂️  🤦‍♂️,0
🔥💪  🎉,2
🥺 😩😭 🥺 будь ласка,2
😠  😒 🤢,0
??? 🗑️ 🤢  😩,0
🤡 😍🫶🫶,0
🎉 !!!11👏 💪🥰,2
☠  ок💢,0
/👇 💅 ☕,1
⛔ мда❌✖,0
🤡🐷  :(😤🤬,0
😩 мда ((🗑️ 😠,0
══║,1
🤖🚶,1
🤡 🥰 😂🔥,0
мда ☠,0
👀 🤔...👇 🤔,1
👇 ☕📌 📌,1
👀,1
🎀 ✨🎶,2
💩🗑️ 🤮,0
/ 💅🤔,1
🤖 ...,1
🤡 😂,0
🤬🤢 🤦‍♂️ -_-,0
🙏😩😩дайте,2
🤡🐷 💩,0
✨ 💖✨✿,2
💖  🎀  🎶вау,2
👍💪)),2
👍 + 💕,2
💣 топ 💊,0
🤝 )))красава,2
█═╭┴┬╰┴┼║,1
─▒┬,1
─╯┴╰,1
💅🤷‍♂️ 👇,1
┴╯│▓╭╰┬╭╰║,1
🇺🇦👍дякую))) 💪,2
кринж❌ ❗❗  ⁉,0
💪👏 😍🤝красава,2
база😂 )),2
📌 ☕,1
😩 🥺 😭  😩,2
🤡 (((💩,0
cringe ‼ ⁉  ‼,0
┤▓┬▒█│─,1
/ 💅☕ 💅,1
💊🔫 побачимо,0
┴╭┼╭╮╮,1
⚠ 🚫мда⛔,0
🥺 😭😩хочу,2
🙏😩 🙏 🙏,2
:) 👍  💕🫶,2
🌸  🎶aesthetic,2
😍💪🤝база  )))😍,2
😩  треш 🤡😤((😤,0
🥰 ❤️ !!!11👏,2
🤬-_- 😩,0
☠топ💢🚬,0
❓ ✖ 🚫cringe  ⛔,0
☁✨♥☁aesthetic,2
👍ору ++,2
💯🫶  ++,2
🤡 🔥 🎉👍 🥰,0
⚠ cringe⁉,0
🙏 😭 need,2
🤡 😂 🇺🇦🤝 👌,0
🎉🇺🇦  топ👍:),2
✿ 💖🎶 💖,2
🎉😂🎉,2
📺..💅,1
🤦‍♂️😤😒 жах,0
🤡 💪💯,0
!!!11  💯 🇺🇦,2
💊🩸 ну давай 💊,0
❀☀♡✨ краса,2
👍  🇺🇦 )))🇺🇦 💪,2
☠ ок 🔪,0
💅🚶🤖  ~,1
█━┼║┬╭┼▓╮,1
🎉💪  🫶,2
^_^👍 💕  😂,2
🥺 🥺 😭будь ласка,2
-_- 💩😠,0
├║▓├╯,1
🤬 💩🤬---,0
☠ 🔪🔫побачимо,0
~ 🤖📌,1
😂 based,2
+/- 👀👇📺👀,1
(( L 😡,0
🇺🇦 😍  😍 🔥,2
капець-💩🤢,0
╰┬─║├═╯,1
🤡 😂 🤝👏🥰,0
😍,2
♥♡❀❀⭐,2
💊 💉топ 🩸,0
🚶 +/-,1
🩸 побачимо,0
шо це ,1
❤️дякую )))👏,2
?!?! 🐍  😩,0
.. 👇 📻 ☕,1
✖мда ✖,0
((  😠,0
😩🥺дайте,2
💉 мда,0
🚶,1
шок 🤮 😒,0
🩸ок,0
треш ‼❓❌⛔,0
🤡 👌 👍💕,0
🤡 🫶🫶,0
👎 🤬???,0
🤢 -_-🐷🤬😒,0
😡🐍 капець 😒🐍,0
🇺🇦 🔥  +,2
╯╮─░┤,1
═┤═║─┬▓┤├┬,1
шок😡,0
❌🚫 ‼ жах,0
ок☠🩸 🔫,0
🎉🥰😂,2
╭│▓┤┼╯║,1
═══╮,1
💢топ 💣,0
😒 ?? 🤢шок🤮,0
🚫L ✖ ‼,0
🥺  😭😩  need,2
🥺😭,2
😒!!??,0
┴┴╰─┼══┬,1
🥺😩 🙏 😭,2
🎀♡ 🌿краса,2
💪 :)  💕💯👍,2
╮▓│░╮┴╰─╯╮,1
-😠🤦‍♂️,0
📌 ☕...,1
((( 🗑️🤡🤮,0
☠💢 топ 💢,0
👍^_^ ❤️🎉красава🤝,2
💢 ☠побачимо,0
👇📻👀🤷‍♂️,1
💯))) 😍👍,2
🚶 📻,1
🇺🇦 🔥 🔥,2
мда  💣💉,0
!!!🇺🇦👏👍 W,2
🤡 🇺🇦🥰,0
═┼─░,1
🚬побачимо 🚬🔪,0
🤬дно 😡,0
💩🤢🤦‍♂️((( 🐷,0
/// 📻,1
🚬 ну давай,0
┼═▒╯─═│,1
━┬│╭,1
🎉 ++ ❤️,2
🥺  😭🙏 будь ласка,2
ну давай 💢💊,0
⭐ 🌸,2
🔫🔫 ок,0
😍🥰 💕 ))  😍,2
❀⭐ aesthetic,2
▓│╭┴,1
:( 👎,0
😂🎉топ ^_^💕,2
🥰  !!!😂,2
/🚶,1
🥰 🇺🇦👏 ))),2
📻 ☕,1
🤬🤮 -🐍🤢,0
🤦‍♂️ 🤬 🤦‍♂️---🐍,0
🤦‍♂️ 😠  😠---,0
💩😠😩:(L🤬,0
😭🙏🙏  дайте,2
♥✨ ✨♡ 🌿 cute,2
!!!11 👌 красава 💕,2
?!?! 🤦‍♂️,0
💣🔫ну давай,0
📻 ///🤷‍♂️ 🤷‍♂️,1
🔥+ 👍😍,2
🔥  🔥❤️ 👏)),2
дно 🐍!!??,0
‼кринж✖,0
:)😍,2
^_^🎉,2
🤝ору,2
жах😡 -_-🤦‍♂️,0
┬╭█,1
😶📺 👇🤔/,1
побачимо 🔫💢,0
:)  🤝💯,2
--- 🐷 😠🤡  😠,0
🤝😍 👏😂++,2
❌ ⛔bruh ⁉ ❗,0
‼❌жах❌,0
😩😩😩 need,2
👀🤷‍♂️,1
^_^  🇺🇦 💪💕,2
📻.. 📌 📻,1
🤖 ///📌💅,1
😍 ))) 👏 💯,2
💕 💪👍 🤝^_^,2
🤖... 📻,1
))  🥰  🔥 🫶,2
🙏😭 😩дайте,2
💉🩸 ну давай,0
мда 🔫,0
👌 🎉 🤝:),2
L?!?!  💩 🗑️,0
⭐🌙 ☀ 💖,2
💕 база:),2
😩😩🙏🥺,2
❌🚫 ‼ кринж,0
...🤔  😶,1
побачимо 💢  💢💊,0
(( 🤮👎,0
🥰 ))) 💯🤝 🇺🇦,2
🤬 🤦‍♂️ 🤡😡 -_-,0
🤷‍♂️  ///📺💅,1
▓═┼═╰┬▒┬─,1
🙏🥺  🙏  🙏,2
🔥💪,2
👌🫶  ^_^,2
┴▓║▓░╮┼╯█,1
🐍 :(🤦‍♂️ 🤡 🤬,0
+/-  📺 👀📻 🚶,1
))😍👌,2
💪🎉 😂 🔥,2
😂 дякую  ^_^❤️💕🫶,2
🔫☠ок,0
👇 📺~🤔,1
├░╰▒╭┼┼,1
🤡 🥰🥰,0
╰┴┬║┤▒┴╯,1
😂 :)  💪🎉  🫶,2
ок💣 💣🔫,0
💊мда,0
🤢  😤😠 😒  мда,0
...  ☕ 📻,1
☀ ♡🎶 🎶 краса,2
🤡💩 😒:(,0
😩 🤦‍♂️??😩 дно,0
💯+ 🇺🇦👌👏,2
🗑️🗑️ !!?? жах🐍,0
😭🥺 😩🙏 будь ласка,2
😒 ??👎 🤬 😠,0
├═╭░┼,1
ок 🚬,0
💩 🤦‍♂️,0
💣  💣побачимо🚬,0
🤡 😂🫶👌,0
🤬 кринж !!??,0
😂 :)  🫶,2
👌 ❤️ору 🫶  ^_^❤️,2
🔪💣 побачимо 🔪,0
😠💩 🤢,0
✖❓  ⁉❌жах,0
🤡😠 ???🤬 🤮,0
⭐❀,2
красава💕  !!!11,2
🤡 💯🥰 🤝,0
🌸♡♡♡cute,2
ну давай🩸,0
база👍))) 😂,2
🥺😭 😭🙏,2
🥰^_^  😂🔥 💕 based,2
🤖☕ ~ 🤷‍♂️  💅,1
📻  .. 📌,1
🥺😩😩😭,2
🚶  /,1
🤝))),2
░├╮,1
✨💖 ✨  🌸топ,2
🔫 🔪🚬 ок,0
🤡 💪  🇺🇦👌 😂,0
❤️👏💪  💪 ))),2
😍👌  🔥,2
💯 🤝 🥰,2
👇 ...,1
ну давай🚬  🔫🚬,0
💯🫶👌  ))😍,2
🩸  🩸ок,0
⁉⛔капець,0
😩  🤬  😩 🗑️  ??,0
🥺🥺  need,2
♥ 🌿💖🌿,2
⭐ 🌸 🌙  ☁ ♥топ,2
🤖 ☕..,1
👍 🫶 ))💯,2
😡??? 😒,0
🤡 👌🇺🇦 😂,0
дно 🤢??🤡,0
🎉based  😂!!!11,2
☠🔪 🔫 ну давай,0
█╰█╯──┴,1
))  🎉,2
┴┤▒╮│▒╰,1
█╭╮╮█│▒▒━,1
ну давай  🚬💉,0
💕W ))),2
🌙 🎀  ♡ 🌿☁,2
😍 👏👏 👍  +  super,2
лол 💪 ❤️ 🎉)),2
─┬┴░█░┼█╭,1
📌 ///,1
😡  -😤,0
╮─░,1
☠☠  ну давай 🩸,0
✨ ♡  🎶 ♡ ✿топ,2
😩😩🥺🥺,2
...💅,1
💪!!!11,2
🤷‍♂️ 📺☕,1
─▓╰┬══╯░┼█,1
╰═┤╯─┼╯│╮━,1
+  🔥  💪 🤝,2
👎😩 🤡,0
👎😒😒 :(,0
🚬☠💢мда,0
👌))),2
🐍🤬👎 🤬 -,0
☕📺 /🚶👀,1
📌👇 ☕🚶///,1
💪 + 🔥🔥👍лол,2
🤡 👍🤝 ❤️🇺🇦,0
🫶 👍+ 🤝 👏,2
┬┼█▒█,1
✨  ✨ ☁,2
🌸 🌙 ♡cute,2
🌙☁🎶♡ ♡,2
🤡 👏 👏 🇺🇦,0
🤡 ❤️🔥🤝🥰,0
🤬??? 😤,0
▒┬┤░▒┼┬▒┬,1
---🗑️ 👎 👎🤢,0
━╰▓┴═╯┼┼,1
/💅,1
👍!!!11,2
💪 :) 🥰  ❤️💕,2
✿⭐✿☁⭐вау,2
🥺🥺 будь ласка,2
⭐☁🎀 ⭐💖,2
🔪 топ💣 🩸,0
дно⛔✖  ⚠ ❌,0
💣 побачимо 🔫,0
🙏 🥺 🥺  😭  need,2
🩸 ну давай 💢,0
👍 🫶!!!11,2
❤️🎉💪,2
✿🎀♥♥ ☀,2
ок 🩸,0
😡  🤡 🐷(((🤬,0
👇/,1
побачимо 💊 🚬,0
┴╰▓,1
..☕,1
═╮━┤┬,1
❤️ :)💪❤️,2
🤡:(😩😤  👎,0
🤡 🇺🇦  ❤️💯💪,0
♥🌸 🌸 ❀ 🎀,2
▒━█│┴▒█╰┴,1
.. 😶,1
(((😡😤,0
👎-_-,0
---🤮 🐍🤦‍♂️,0
❓ шок⚠,0
⁉‼❗треш,0
🤡 💪😂 ❤️,0
👍 🫶  +😍,2
)))  🇺🇦,2
-  😠🤬,0
😤 🤬,0
█│━,1
💩кринж🤢,0
👌🇺🇦 🥰👏,2
😩 🙏  😩,2
👏 🎉 !!!💯😍,2
💅/💅,1
🔥 ++😂,2
❤️ 💕:) база,2
🇺🇦 🔥👏  🫶,2
┴┼╯╯║╮▓═╮,1
🤡 💪 💯  💪,0
🌸 🎶  ☀🌿,2
📺📺.. 😶 🚶,1
💅 📺/,1
🤬 😠 😤 🤦‍♂️,0
🤔📻 🤖,1
💪👌 )))  👌,2
..💅  👇,1
☕ .. 😶,1
🐷,0
based ))) 🤝  👍👍,2
😍+🥰  👍,2
█▒├,1
⛔cringe❓🚫⛔,0
🙏🙏 😩дайте,2
L😩 ?? 🤮,0
😡?!?! 🐷,0
🤬😠?? мда😡,0
🤔📌,1
👏 🇺🇦😂+😂,2
😭 🥺😩 хочу,2
🤡 👍❤️,0
^_^ 👌❤️  база 👏 🤝,2
🤔👇 ...🤷‍♂️🚶,1
🥺🥺 🙏😭,2
║╯╰┴┼│█┼┬,1
побачимо  💢,0
мда 🚫  ⚠,0
🤡 😂🇺🇦 💪,0
⛔⚠  bruh,0
═┴┴│┬║╯╰,1
🤡 🔥  ❤️ 🥰 💯,0
😤 😤😠-,0
топ 🔪 💣,0
топ  💪))),2
😶 👇+/-  🤷‍♂️,1
━┼┤╯═━╮╰,1
⭐ 💖  ♡,2
🌙 💖💖 🎀топ,2
▒┴━┴║│█│┴,1
😭  😩,2
💢мда🩸💉,0
🔫  ну давай💢,0
🤖 📻 / 💅,1
😭😭,2
-_- L 🐍🤡🐍,0
🩸  💉💢 ну давай,0
🚫 bruh 🚫  ‼‼,0
/  😶,1
▒╭╭┴╰░,1
👇 💅,1
🎉😍,2
⚠❌bruh❓🚫,0
🗑️(( 🐍💩 👎,0
:)🔥 👍,2
▓│├,1
😶 📌 📻+/-📌,1
🗑️🗑️ ??? 😤,0
💪 !!! красава💕,2
⭐🎀 ✿,2
┤┬┴╯├┴,1
🤷‍♂️🤖📌,1
📌 😶,1
😡💩 🗑️??,0
ну давай🔪,0
🤝🤝  👌))) 🤝,2
😩 ?? 👎 кринж 🤦‍♂️,0
🎉 💯 😍 👍,2
💕😂🎉 ))імба 💕,2
🤝👏😂🇺🇦,2
~ 🚶 🤷‍♂️ 🤖,1
❀ 🌸 💖 ♥  aesthetic,2
super🤝++ 🫶💕,2
(((😤😒,0
ну давай🩸💢💊,0
👌 дякую ++,2
🥺🙏🥺😩,2
:) 💯 🤝 🥰,2
🤝  💕💪👍,2
+/- 💅,1
😭😭  🙏будь ласка,2
🤡 🤦‍♂️ -bruh🐍,0
🤦‍♂️ !!?? 🤬😡,0
┼│▓┼╰│,1
треш❌❌⚠⁉,0
🤮  :(  😒,0
:(🤬,0
😩  😩😭дайте,2
🤝 ^_^дякую  💪,2
🤔 ///☕,1
📺 📻+/-,1
/🤖 📌,1
🫶👌💪)),2
💪👏😍  👍,2
~ 🤖 👀 💅📌,1
🤡😡 🤬 ?!?!🤦‍♂️,0
━┬│╯╯╯─┬╯,1
😩🙏,2
☁💖🎶 💖 ♥,2
👀+/- 😶🤖 🤔,1
👎((,0
💉ну давай,0
ору  😂 ++💕 ❤️❤️,2
імба )) 👌,2
┴┤▓░─├,1
┬┼├─,1
😩😩 🥺🙏дайте,2
дно🚫 🚫,0
🤢🤢 😡 ((  😡,0
🫶 🫶,2
???  🐍,0
😒  🗑️ 🤬 🤡  ??,0
🥰!!!,2
✨ 🌿🌙♥ aesthetic,2
🐍  -_- 💩🤡,0
👀  📻 👀🚶,1
🔪🔪топ💣,0
+/-👇😶🤔,1
🔪💣 💊мда,0
кринж 🤮 -_- 🤢👎,0
┴▓├┼║━╰░┬,1
!!??😤,0
❗❗ капець⚠,0
🙏🙏 🙏,2
😩🙏🙏 🙏,2
🤔..🤔,1
👀📺👀  /,1
📌🤷‍♂️///,1
📌 /,1
☕🤔///📺,1
🤡 👌🥰  😍 💪,0
😭🥺🥺  🙏 хочу,2
треш  😒🗑️  🐷 (( 🐷,0
😍🇺🇦))🥰 💯,2
^_^ 💕,2
👎 🐍🤡 😤???,0
█║┼╯╮┤─│,1
🚬  мда🔫,0
топ💉,0
🌸 🌿 ☁ 🌸 краса,2
📌 📻  📻📻,1
^_^ 🎉👌 дякую,2
😩😩🥺,2
💯 💯:)💪 👏,2
🗑️треш 🤮😤,0
█╯╮▒║▓┼╮┴╯,1
♥ ⭐ ☁ 🌙,2
💯++💪,2
красава ))) ❤️😍  🤝💕,2
❗ ⁉❗ капець‼,0
▒┴┬█━,1
😩😒-  👎,0
мда 💢 💊,0
cringe❌⁉,0
💊🩸 мда 🔪,0
✨☁ ♥,2
ну давай💣 💢,0
🥺🙏😩,2
😍 💪 💕,2
побачимо🔫,0
мда ✖ 🚫⚠❗,0
😂😍ору 👍!!!11😍,2
дно🗑️,0
☠  💉 💢побачимо,0
🥺 😩  🙏😭,2
🫶 🎉,2
📻 🚶📌,1
топ😍++💕🥰 💯,2
├░╰━│┴┴╭,1
😩  🥺😩😭 дайте,2
🎶 🌿 🎶 💖 🌿 краса,2
побачимо 🚬  🔪,0
💉ну давай💢,0
🙏🥺🙏 😭,2
│┤▒╮━╮▓█▓,1
♡☀♡🌸,2
~ ☕,1
📻 🚶 👇 💅///,1
🐷 🐷😡,0
💉 топ💣,0
💯🎉  +💪 👏super,2
═┴╭┬█,1
💉 🩸  мда,0
🙏  🥺😭,2
👇+/- 🚶 📺,1
♥  ☁ ♥✨ aesthetic,2
🥺😭😩 будь ласка,2
💕 :),2
🔥  🔥!!!11 🤝,2
‼❗bruh,0
треш  👎,0
🔪 ок,0
топ 🇺🇦🫶 💕!!!,2
✨☀🎶 краса,2
✿🌸☁,2
/ 💅,1
😂 ^_^ 🎉,2
😠,0
❤️🤝+ ору 💯,2
┬░╭█╮┤,1
🌸♡⭐,2
┤─┤░,1
│┤█┬,1
🤮---😠,0
?!?!😤 🤮 🗑️ 🐷,0
♥ ❀⭐,2
?!?! 🐷😒,0
красава👏🫶,2
🤖...,1
🐍 🐷 🐍 🤬мда,0
!!!11 🫶💪🔥,2
🤡 🫶🥰,0
😩(((,0
👀💅+/-,1
🚬мда 💊,0
🥺 🙏хочу,2
топ 💊,0
☕  🤔 🤷‍♂️🤔...,1
🎀 ✿ ✨✿  🌸вау,2
╮╭▓,1
🚫⚠ ‼ кринж,0
🫶,2
ну давай☠💢,0
🙏🙏 🙏😭,2
🚬побачимо💣 💉,0
┴╮╮│┬╯╰├╰╭,1
🎀 🌸 🌿  🎶cute,2
😭🙏need,2
🚬  🔫  ок,0
💪👌 🔥))🎉,2
😭😩😩 🙏,2
🚶📻👀/,1
👍 💕^_^🔥  😍,2
👍 ++,2
🤮 💩🤢 капець,0
🚶  .. 📻 📺👀,1
😩  🙏 😩🥺,2
🤡 💩,0
░║┴░═,1
👀 📌 📻..🚶,1
(( 😩🤬,0
🤖 📻/,1
📌  ///,1
✨ ☁,2
🔥 :)  🤝 👍😂,2
^_^ 🥰 🫶  👏,2
))👌,2
🤡 🥰❤️😍,0
:( 👎😒😒 👎,0
🤝!!!❤️,2
мда⛔  ‼ ⁉⛔,0
🌙 ☀ ☁ ❀ ❀,2
📌 📺... 😶,1
шок🤢(((🤢😠,0
топ 🔫 💣,0
‼ кринж‼,0
👌😂 💕,2
╯║▓,1
.. 📌,1
🤡 😍 💪🫶💪,0
❤️🫶🤝 based😍 +,2
💩???🤡😒,0
)) 😂 🥰💪,2
║╯┬┼━┤┤,1
мда💢 💣💊,0
++ 🎉👏,2
+/- 🤔,1
🥺🙏 хочу,2
🚶👇 👀~ 📺,1
/☕ 👀  👀☕,1
┴█┬║│─│█,1
🩸 🚬топ,0
💕 based 😂 👌,2
👌🥰,2
🌙♥⭐вау,2
💊🔫мда,0
🩸💢ок 💢,0
+  🥰 🔥,2
🥺🙏🥺🙏,2
💉 💣ну давай 💢,0
🤷‍♂️...,1
🎶✨cute,2
!!!11👌 🇺🇦  🔥 💪,2
...📺  🤷‍♂️🚶,1
💅  ~,1
🤡 🎉💯,0
!!!красава 😂,2
╰─┼,1
👎--- 💩  🤡,0
кринж ❌❗❓❌,0
???😒 😤,0
🔫 🔫  побачимо,0
┼┤╮░,1
🚶  👇 ///👀,1
😩🥺 😩,2
║┴├║┤,1
🥰 :)  🫶,2
+/- 👇📻 👀👇,1
~  🤔,1
🤡 🎉 👍,0
╮▒┤░,1
побачимо🚬💉🚬,0
🗑️:(,0
═┴║╭╰,1
мда ☠ 💣,0
🤝 лол 💪💕!!!,2
👀 📺~📺🤖,1
☕  ~,1
🔥)) 💪 👏,2
+🫶 😂👌 імба,2
☕ 🤷‍♂️ 🤷‍♂️,1
❓ ⚠🚫 мда⚠,0
📌  .. ☕,1
📺 /// 📌,1
✿ ✨ ☁ ♡,2
🐷🤦‍♂️??,0
😩🙏 🙏 need,2
❤️ !!! 👌,2
///☕ 💅,1
👇..😶,1
🌸 ✿,2
🤡 🫶  😂🤝,0
🤮??💩🤬 😠,0
😭 🙏🥺🥺хочу,2
мда❌⛔,0
📻,1
💅  ..😶,1
🐍🤮L 😠,0
~😶💅🚶 😶,1
░─━┴═┴╰╮,1
📻👀  ~ 💅,1
👏!!!,2
🤷‍♂️ 👀  / 🤷‍♂️ 🤔,1
♡ ♥  💖 ❀⭐  топ,2
🤷‍♂️🤖 📺...,1
✨ ♥💖 ☁ 🌙cute,2
💩  😒 😠  ??,0
💉💉 мда 💢,0
👌👌++топ,2
🤷‍♂️+/- 🤖😶,1
-🤡,0
┬├╯╮┤─██┤┴,1
▓▓┼├▓╯│┤,1
💕 💪 !!!11🤝,2
║╯┼│━│├▓▒,1
💣 побачимо,0
👌🎉 W❤️!!!,2
+ 😍 💕,2
- 😒,0
🔫  ок 🚬,0
🔫 💢ну давай 💉,0
🎉 😍 👏 +імба 👌,2
🤡 🤝👍 🥰 🤝,0
⛔🚫🚫шок 🚫,0
💣  💢 побачимо💊,0
😡???👎 🐷,0
🚫жах❌⁉🚫,0
😶,1
🔥👏💕 💯,2
😶 🤷‍♂️..🚶,1
ору 🫶🤝 +  🫶,2
🙏🙏😭 😩хочу,2
++👌,2
🥺🙏 🙏🥺,2
😤 🐷 🤡 ?? 🤦‍♂️,0
:)🤝 💯💕🥰,2
╰┤░╭▒░┤├█━,1
🫶 ❤️ !!!11  🥰,2
🚶📻,1
❗⛔ мда,0
🤮 :(  😩😒🤡,0
🗑️👎🤦‍♂️ ?!?!,0
📺 ..,1
💕🇺🇦 🎉 )),2
?!?! 😤 😠 😠💩,0
╯┴┤│╯▒╯─┤├,1
🔪🔫ну давай 💢,0
😡???cringe 💩  🐷,0
☀❀ 💖 ☁,2
bruh ⛔ ❌,0
▓┴│╭┼,1
😩😤👎 🗑️,0
━╰╮┼░░╯,1
┬▒─▒├░,1
👎🤡!!??,0
🎉 👌))  💯🥰super,2
💯 🇺🇦👏!!!11,2
💢  💣 побачимо,0
☀❀♡✨топ,2
👏!!!11,2
😭 😩😭 будь ласка,2
👏😍 ору,2
🔪 побачимо 🚬🔪,0
🥺 🙏 😭,2
👇👇👇+/- ☕,1
.. ☕,1
🤡 🔥 💕 🥰 🔥,0
😍 👏🔥💪 W^_^,2
━║├╭┴╰,1
🤡 🤝 💕👍💪,0
💅 😶 💅👀,1
🙏  🙏  дайте,2
😤 🤮?? 🗑️ 🤬,0
🙏  🥺 need,2
😩 😩😩,2
╮╭▒╯┬▒├,1
🚶🚶🤷‍♂️ / 🚶,1
😍  ))) 🎉 😍 👍,2
💣 мда,0
🤖😶📺👇,1
ну давай 💊🩸🩸,0
╭│║━│━┴╯┬,1
🎉++,2
❌‼дно,0
📻🚶👇 😶 +/-,1
┼░─┤█▓─┴░╰,1
💅🚶☕,1
☁  💖  🌿🌙♥,2
☁ 🌙  ✿,2
🤡 💪💪,0
!!!11 💪  😂 🔥,2
║├━┤▒╰,1
🔥 +,2
🌙 ⭐  вау,2
++ 🤝 ❤️,2
😶🤔///,1
💅  ~📺 📻🤖,1
👎((😩,0
🥺😩 🙏😩,2
🤝))🇺🇦 💪based🔥,2
😍🤝💯,2
... 📌,1
🤔🤔  ///,1
☁ 💖  ✨,2
:)🤝,2
???🤢,0
♡  ✨ ☀ ♥🎶вау,2
/ 📌 📺👀,1
☁🌙 ☁ 🌙 🌙,2
☠ мда💣 🩸,0
🤮??? шок 😠 🗑️,0
♡❀🎀 🎶,2
├░║─╯,1
кринж❗ ✖,0
☠побачимо,0
💉ну давай☠☠,0
😠 😠мда😩 🤦‍♂️,0
═║╰═─├├▓,1
📻+/-🤔,1
😭 🙏,2
🥰  🤝!!! 👍,2
🎀🌸  aesthetic,2
☠🚬 ☠ топ,0
═┴╯╯█┬██,1
🔪ну давай,0
👇 💅👇,1
💯🥰дякую,2
🗑️🤬  ??🐍,0
++😂,2
🤡 🤝🎉🥰🫶,0
🐍💩🤡😩-,0
╭▓╯╮╮┼┤─━,1
😡 cringe 💩,0
─├█┬╰▒┬,1
🫶 🤝 👌))),2
😡 😒 🤬 😒,0
🤡👎  -,0
🤡  - 🤡😤 😩,0
💅..,1
cringe⛔ ⁉ ❗ ‼,0
🔫  ну давай💊🩸,0
🤔🤖 👇😶,1
🇺🇦👌 😍!!!11❤️,2
┴┬╯┬╭,1
😭 😭🥺😩,2
ок🔫,0
💉топ☠,0
📌+/-,1
^_^😍 W🥰👌,2
😩 🙏😩 😭,2
❗ ❓❗ ⚠ дно,0
✨☀cute,2
▓▒━═░,1
треш  ✖❌  ❌,0
🤡🐷 ((( 🐷,0
🤮🤬,0
///🤖📻🤖 👇,1
мда 🔪 💉🩸,0
🙏  🙏🥺хочу,2
топ🩸,0
bruh---😩,0
💪🔥,2
🤔📻.. 👀,1
bruh--- 🤢😤😒,0
😡😠 🐷 😤(((,0
💪🎉))🇺🇦 👏,2
🗑️🤮💩 😩,0
👎😡-,0
🎉 😍!!!11,2
база^_^  😍🥰 ❤️,2
❤️ 👍,2
╭╭░▓┬█╭,1
🤮шок 🐍,0
😍)) 😂  👍топ,2
├━┤█─├,1
🇺🇦 ору🤝^_^ 👌❤️,2
🤡 🤝🤝,0
ок 💉 💊,0
дякую  🥰!!!🥰,2
🤝  ❤️  ❤️!!!11 😂,2
ок☠,0
кринж😡 :(,0
⁉‼ шок‼‼,0
😩 🥺,2
┼█║░╯██║═│,1
😤 -_-🐷,0
╮║├╭─╯▓╭│,1
😂💪 :)🥰,2
🤢🤬 --- 👎,0
))🥰,2
😭🥺😭 🙏need,2
✖⛔ мда  ❓,0
🫶 👏👏 :),2
😠👎🐍??,0
👌 😍  👍 :)🔥,2
😩 😭🥺 😩 хочу,2
🚫⛔ жах,0
🚶🤖,1
🤡 😂💕,0
🩸 мда☠,0
╮─╰,1
💪  ❤️ 👏+super👌,2
💊ну давай🚬 💣,0
┤░▓░┴├┴┴░═,1
👍 💯!!!11,2
мда  🚬,0
╰│┤├╰│├,1
♡🎶 🌙,2
🤡 🔥 💯 💯,0
капець❌❗,0
🤦‍♂️ 🗑️треш,0
👀 👀,1
🤡  🐷 🤦‍♂️ 🐍,0
шок 🐍,0
😒😠,0
🇺🇦 ++  👍💕,2
⭐♥🌸 ✿,2
побачимо☠☠,0
⛔капець⁉⚠ ✖,0
)) ❤️ 🇺🇦😍🎉,2
╰┤╰╮▓,1
👎🤬-_- 🗑️,0
║═▓█▓─,1
❤️ 🫶 👏,2
┼╰╯,1
😭  😭 😭🙏,2
ок🩸,0
♡⭐  ♡ 💖топ,2
🚫  ❗мда⛔ ⚠,0
🤔  ..,1
🥺🙏 🙏 хочу,2
😤 bruh:(,0
🔫  мда💢☠,0
!!!11🎉,2
▓╯▒━┴┬━,1
══║┼█┬╰┬╮╮,1
💯 )),2
😶👀 🚶 /  👀,1
😶 💅📻🤷‍♂️,1
😩🤦‍♂️💩  L ---🤦‍♂️,0
❤️😂 😂 ))),2
🥺🙏,2
👍 :)😂,2
🙏😭 need,2
⭐☁☀☀,2
╯┬─║┤╭,1
база👏!!!11,2
🫶!!!11🤝  😍,2
🤡 👍 👏 🥰,0
!!!11🥰💯😂,2
🥰)) 👍,2
💩💩😒,0
🤡 💯💯,0
😭 😩😩😩дайте,2
ну давай  🩸🩸 🔪,0
╮├═╭▓─┼▓,1
💣 мда 💉 🔪,0
❤️  😍🫶💯,2
🤖🤔🤔 ..,1
🤡  🗑️ 🤦‍♂️-,0
👌💪)),2
💣💊💉побачимо,0
🙏😭 🙏😭будь ласка,2
💅🤖 ...📌 😶,1
❤️💯  👏💪!!!11,2
🚶 💅💅...,1
😶🤔 ~ 📌,1
😠:(,0
😩 🥺 🥺хочу,2
🔪топ💢💊,0
!!!11 👏💪 👍💕,2
🌿🎀⭐,2
🥺🙏 😩,2
│░┼█╰,1
‼❗  шок,0
🙏😭😩 🙏будь ласка,2
📺 ...😶🤖,1
імба++💕,2
😍 😍based 💯🔥,2
💉 🔫ну давай,0
💩капець  🤢---,0
.. 📻,1
👍  🤝))) 🥰  🎉,2
├▓┴▓┤╭▒║═,1
╮══┼▓║╯▓,1
+  😂,2
📺🤔 🚶📻,1
🗑️🤦‍♂️🗑️?!?! 🗑️,0
(( 🐷🤡😠 треш,0
│║═─░┬╯╯│,1
🤮(((🤢🐷,0
💣 топ,0
🚶 💅 👀 🚶+/-,1
🤡 😂 🎉 👏,0
♥🌿💖💖 ✨,2
😩!!??,0
♥🎀🌸♥,2
super👌++🇺🇦 🇺🇦,2
🫶💯 💪🥰топ!!!11,2
├═▒┴├│┤┬,1
дно⛔ ❓,0
🌸❀ 🌸💖,2
‼cringe🚫❓❌,0
🤔🤔 / 💅 🚶,1
база🇺🇦😂 🥰 ^_^ 👍,2
║│╭░║▒╯┤,1
🤡 😂  🇺🇦😂😂,0
😍 based,2
🥺😩🙏 😩  дайте,2
😩 😭 🥺🙏 хочу,2
▒┤╰─,1
━░░━,1
🌿☁♥ ✿ 🎶краса,2
bruh🤡--- 😤😠 💩,0
💯 ❤️👏 імба ))  👍,2
┬█┼┴╭,1
✨❀  топ,2
💪🫶 🥰,2
╭║▒┬▓░┴┴╰,1
🤔 ...😶🤖,1
✨ ✿♡,2
🫶 :) 💯,2
🔪💊ну давай,0
super)))👍😂👏,2
🤬🤬  шок💩,0
🤡 🇺🇦 🔥 🔥,0
█┼┤▓│║,1
🤡🗑️треш🤬😒,0
🎀☀✿✨❀ краса,2
😭🙏 😭 🥺 хочу,2
💪🇺🇦 !!!,2
///☕ ☕,1
🥺 🙏дайте,2
☕🚶👀 ...🚶,1
/  🚶 💅,1
🤡 💪 🔥,0
👏 🤝 )))😍,2
👍🔥+,2
))) 😂👍імба,2
---😩 cringe,0
🔥  👏^_^,2
❀🌿☁ ❀,2
🤡 💕👍 💕  🔥,0
мда🩸,0
📺  👀,1
⁉  ✖кринж,0
🤮!!??,0
🎀🌙♥♥,2
💣топ💣☠,0
..🚶☕📺,1
🎉 !!!база,2
💅🚶📺,1
++super 💕,2
🤡 👏 🔥💕,0
😡 -👎,0
😂 😍🇺🇦,2
┴━━,1
💕 !!!,2
😡  🐷-_-😒,0
🥺  🙏need,2
👇 🤔🤔🤖,1
❀ ✿ ♡ ♥,2
☁🎶☁ 🌸✨,2
├═╰│╭█═┼├,1
😩 😩 😭будь ласка,2
🤖 ~🚶,1
🔥🎉!!!,2
🥺 🙏😩😭,2
👀 📌 😶 .. 💅,1
🌿 ✿,2
🤬🤬  🐷(( 🐷жах,0
🎀🎀 ☀  🌸 ♥cute,2
??🐷 👎,0
🤢 😤😩 🤢!!??,0
🔫💢топ,0
🤖/👇🤔,1
капець✖ ✖❌ ❓,0
😠 😡 🤮🤦‍♂️,0
!!! 🎉 👌 😍 🔥,2
❓⛔кринж ⁉,0
🤡 🥰🫶🇺🇦 👏,0
☕+/-  👇,1
/ 🤔,1
┬┼┬║▒┬,1
💅 😶 👇///💅,1
імба )) 💪,2
🤬 🗑️😤😒капець,0
🩸  топ,0
👏🤝 )))  🇺🇦 красава 🔥,2
😶 👀  🤷‍♂️,1
🙏🥺🥺need,2
+🎉 лол  💪  🔥 ❤️,2
⭐✿❀ ✿🎀 топ,2
🤷‍♂️🤷‍♂️☕ ///,1
👎😠 😡🤢,0
📻📌 ///,1
топ❤️)),2
))) 👌 🇺🇦,2
🤡 👌🥰 🇺🇦,0
мда💉,0
🇺🇦 😍🥰W,2
🤔 ☕ 📺,1
треш ✖ ‼,0
☕ ..😶🤔,1
😩😭будь ласка,2
)) 🫶👍🎉,2
))💕,2
┼│░━░▒╰─┴,1
┴┴░┬┤┼┬,1
🤖... 🤷‍♂️🤔  🤷‍♂️,1
💢🔫 ☠побачимо,0
🙏🙏😩,2
┬┬━,1
✿ 💖,2
▒═║━├┴▓┬┴,1
-_-😩шок,0
L👎 😤((  🐍 🤬,0
???  🤬,0
│▓║,1
📻👇  ...,1
❓ ❗шок ⚠,0
❀ ✨  🎀♥❀топ,2
!!??🤦‍♂️🐍 😡,0
❀ ✨ ❀ ✨,2
😩😭дайте,2
~☕,1
🤦‍♂️🤬😠 ((( шок,0
▒╰▓╰╮┬─,1
мда 🔫🔪,0
😭🥺будь ласка,2
🤡 🤝 ❤️🇺🇦,0
⭐ 🌙 ✿ 🎀 🎀краса,2
🤡 🎉  💪,0
✖❌ 🚫 bruh,0
☠побачимо💉,0
🤮 😡😠-_-,0
😠💩,0
🤔 📌,1
🫶💕👍 ^_^,2
┼┼─║━░║▓,1
топ💢 🚬🔪,0
🥰!!!11 🇺🇦  🇺🇦,2
👇☕ 👀,1
🔥😂  😂,2
🤮 🗑️ !!??,0
cringe ❗‼ 🚫 ❗,0
🎶✿ 🌸 🌸,2
🤡 💩 🤦‍♂️ 😒,0
╰═│╭┼▓┼,1
🗑️🐷 😠  :( 🤦‍♂️,0
░╭┤█,1
топ ❤️+ 👌🔥,2
ну давай 💣 💢 🚬,0
🐷🗑️  жах,0
😒🤢жах🤢:(,0
🔥💯super🔥,2
🤷‍♂️👇💅 👀,1
🔥  ❤️ !!!,2
╰═┬║╯▒█,1
🇺🇦 🤝 :),2
🥺 😭 😭 😭дайте,2
🙏🥺  😩 🥺дайте,2
🥰 W ))),2
🔥 ))),2
✿💖✿ 💖 💖 топ,2
💖 ♡🎶 🌿,2
🙏😭 🙏 🥺,2
👌 👍 🇺🇦 !!!11,2
🤬 :(🤢  🐷😡,0
жах‼  ❓🚫,0
😶 👀 ☕📻///,1
📺 🚶 +/-📻 📺,1
!!??😩🐷 🤬,0
💣🩸  💢топ,0
🚶🤔  /,1
💅📻~,1
👀 ☕🤔🤖...,1
‼❓✖bruh ‼,0
┬╰━░░▓├┼━,1
🤡 ❤️💕 😍,0
🇺🇦,2
🤢  ---  👎,0
🤖+/-📌,1
🤖🚶  ///,1
🙏 😩😭😩хочу,2
🇺🇦💪  👌❤️,2
треш  ❓  ⁉ ‼  ❌,0
🤝🫶дякую ❤️,2
😍 !!!,2
🐍💩  😩  ((  🐷,0
💪😍,2
⭐🌸☀  🌿,2
┼╭─▒╯,1
👇👇 ~,1
🤢🤬😤шок:(,0
😭 🥺 будь ласка,2
🤢  🤮 😡🤮!!??,0
😂топ!!!11 👍,2
╭▓━╮▓║░,1
🙏 🙏🥺 будь ласка,2
🤡жах 🤦‍♂️,0
🌿☀🌙♥❀ cute,2
┤│┼─,1
🎶✨ 🌸  🌸,2
..  📻 ☕☕,1
)) красава 😂,2
👏 +👏 красава👌 😂,2
⛔✖ шок,0
┼═┤,1
👇 👀,1
мда 🩸,0
❗ капець ⁉❗,0
🤦‍♂️-,0
!!?? 😤 😤  💩,0
L❓ ❓ ‼ ❌,0
🤡 ❤️💪,0
😍 👍  👌👌 ))),2
💖☁☁ 💖cute,2
+ 👍 дякую  🇺🇦,2
─║▓█░╭╰░┬┤,1
😤 --- 🗑️,0
💯 ))  👍,2
☀ ❀🎶🌿,2
┤┤─▒┤┤┬▒┴,1
🤝 🇺🇦 )) 🇺🇦,2
├┴╯█▓╭╰─┼│,1
мда💢 💊,0
💊мда🩸💣,0
😂красава)))👌,2
💅💅 ..,1
🤢???🐷💩 😡,0
:) 💕🫶 🤝,2
))) 👏,2
🫶👌 ++,2
🤡 🥰 💕🤝 💯,0
🇺🇦  😂,2
🤡 😍👏,0
🤔💅 ~📌 💅,1
😤--- 🤬,0
🤷‍♂️👇+/-,1
║▒█─,1
⭐✨ 🌿 ✿ aesthetic,2
^_^ 💯,2
🤢  💩 ??,0
☕ 📌,1
💕  💯🔥 ++,2
💉💣мда,0
🙏  🥺,2
🤡 💕,0
лол 😂))),2
🤢🗑️🤢,0
──╯╮█╯┤█,1
🌸 ⭐  ⭐ 🌸 краса,2
😭 😩 будь ласка,2
🤮-,0
😠-_- 👎,0
😩 🤬 💩??,0
☠🔫мда💊,0
~👀☕📻 📺,1
///📺 💅,1
📺 👇,1
🫶🔥 !!!👌,2
🐷😠🐷 ((😒,0
😠💩 😩,0
📌..👀 👇,1
█▓┼┼█─█▒─│,1
❓  ❌⛔ шок ⚠,0
дякую👍 ))) 👏😍  ❤️,2
🚶👇🤷‍♂️☕,1
+/-🚶👀,1
---😒,0
💩 😒 (( 😒  👎,0
👇☕+/-,1
👎 😠 🤡,0
🥰:),2
🎉:)💯,2
🙏🥺😩😭need,2
🤮??? 🗑️😠,0
😍👍super🤝👏,2
🌿✨✿💖 топ,2
☠🚬 ☠побачимо,0
🎶 🌿краса,2
🤬 🤦‍♂️ ?!?! 😤,0
🙏😩😭😭,2
⁉ ⁉cringe ⚠,0
😭 🙏  🥺need,2
🗑️🤮  !!??,0
❀ ⭐ ♡ 🌙aesthetic,2
☕📌/// ☕,1
🔥!!!11 super,2
🤦‍♂️???👎😤 bruh🤬,0
-_- 👎,0
🤷‍♂️👀🤷‍♂️ 🤔  ...,1
😭  😩😩 🙏 будь ласка,2
💢 💢  ок💢,0
┴││┬─█┬├╭,1
🤷‍♂️~,1
?? 🤢👎👎,0
🤢(((,0
.. 📺 🤷‍♂️,1
мда ?? 😒 🤬🤬😡,0
🥰 !!!11 🤝,2
╰┴┬┼│┤╯─━,1
💣 💢🚬  ок,0
👍 😍  ❤️топ,2
🤡🐷🤢,0
♡💖,2
👍❤️,2
((  🤡,0
😭😩 🙏😭дайте,2
┬├█┤━┬┴,1
🚫  шок ⛔ ⚠ ❗,0
💉 мда💊 💊,0
🚶🚶  +/-,1
█▒▒░,1
☕ /// ☕ 💅📻,1
┤█─═╰█▒├╮,1
├█┼╭╭,1
👏🫶 ))  💪,2
⛔ L⛔,0
║▒┴,1
💅 👇~💅 📻,1
/// 💅 🤔,1
---  🤮cringe🤢 🗑️,0
😒 ??? L,0
🤝))) 🥰💕,2
💩  жах!!?? 😩👎,0
🤮😩  ---😡,0
─░─╰┬,1
🩸🚬мда🩸,0
✖ мда  ‼ 🚫,0
🥰,2
💕🇺🇦🎉👍,2
─╭╯║─┼▒▓,1
🤖📻💅  📻,1
═┤┬─╮╰┬┼╮━,1
┴╭║║▓╰,1
🩸 ☠ ну давай,0
💖☀🎶,2
🤢  😠 🤢 ??,0
✿❀✿🌸🌿,2
👇 ///  🚶,1
ок 💣 💢🩸,0
┤░├│╯░╰══║,1
🚬 ок💣🚬,0
побачимо🔫 ☠ 🩸,0
🤡 ❤️😍🤝,0
🤡 😍🥰 😂,0
🤝 😍 🤝 :) ❤️,2
💅 +/- 😶🚶 🤔,1
😶 📻...,1
)) 🎉 🇺🇦 🤝,2
???🐍жах,0
🐍 ((👎😠👎,0
🩸мда 🔫,0
☕ 😶,1
+/- 👇,1
🙏 🥺 🥺хочу,2
+💯👏👍,2
💢ну давай💣,0
📌☕,1
🤡 👍🤝👌,0
🤡 🇺🇦👏💪  🎉,0
🐍 😤😒 👎,0
😩 😭 😩 😭,2
👎🤬🤬 треш,0
🤡 🥰 💯🫶,0
📺  ~💅 ☕ 🤷‍♂️,1
‼ ❓cringe🚫,0
🔫ну давай,0
📺🚶...,1
⭐  ♡краса,2
╰═┬║╯━║,1
┴█─┤┼┬,1
-_-🤦‍♂️,0
..🤖 🤷‍♂️ 🤖🤔,1
🙏🙏need,2
🚶 ///,1
😤💩?!?!  🤬,0
♡  ⭐ 🌸,2
┴━│,1
жах 👎?!?! 😡,0
топ💢,0
🥺🥺 🥺  🙏дайте,2
🤡 -_-😩 👎 🤬,0
мда🩸🔫  💣,0
💪+ 🇺🇦🔥  💪,2
((( 💩 🤮 🐍,0
💅 📺///  🤔,1
🤔📺 👀,1
🤖🤔 👀 💅 ...,1
✖шок❓🚫  ⁉,0
❌ 🚫 bruh‼,0
✨✿💖топ,2
🤔🤷‍♂️,1
⭐ 💖🌿🌙🌿 топ,2
🌙  ✿ 🎀☀  ♡,2
🎀✨ 🌿,2
😡😡,0
🔫 побачимо,0
🤮🤡-_-,0
..  🤖🤷‍♂️,1
🤡 💕❤️,0
капець ⁉ 🚫‼,0
💣🔪ну давай  🚬,0
💅  / 👇 🤖,1
🎉  😍👌 🫶,2
😭🥺🥺 🥺,2
🤡  ((🤡  💩,0
🗑️😡,0
═╯║┤╰─┼━┤╭,1
🌸 ❀💖☀✿,2
┼▓┤,1
🌙  💖🌸cute,2
ок🔪 💣,0
📺📻,1
🤷‍♂️🤔🤖..📻,1
🤔📻  💅,1
💣 ок ☠,0
😭 😩 🙏 🥺 need,2
🤷‍♂️🤷‍♂️,1
╭├┴│━▓━─██,1
🗑️ ?!?!,0
🩸 🩸  ок☠,0
💢ок 💉,0
ну давай💉💢,0
😩((,0
☠💊🚬 побачимо,0
🌙☀🌸 ☁cute,2
🤖☕  .. 📻👇,1
)))ору 💪🎉🎉,2
🎉🥰лол,2
🤡 👌🔥 🤝  👍,0
🚫  ⁉ ❓❗ L,0
🫶 🎉  🇺🇦😂 ))),2
🌿🎶cute,2
☕  +/-👇🤖,1
│─━├█║│═│┴,1
:( жах😒 😤 😤,0
🤡 🎉👌,0
♡ 🎀,2
┤░━├▒║┬╰▓║,1
🤔,1
/🤖,1
??? 🗑️кринж💩🤡,0
... 🚶🚶👇,1
-_-😤🤡  😩,0
🔪топ🚬 🔪,0
🇺🇦 ❤️  ❤️,2
┴╭▒│╰╮╭╭,1
☕ 📺  🚶☕ ///,1
🩸  ок,0
🤡 🤝 💕 😍💯,0
❌жах❌,0
😠🤬🤬???🤦‍♂️,0
♡ 🎶вау,2
💣☠мда  💢,0
━╯┼╭,1
😒cringe🤦‍♂️🤮 ---,0
ок🔪,0
👇 /,1
❌  ❌ ⛔ шок❓,0
💕 😂 💕🇺🇦,2
☠топ,0
🌸♥ ☁ 🌿 🎀 cute,2
🇺🇦💯,2
🔫мда,0
😒 🐍🐷🤢 -,0
👀  📺,1
мда☠🔪,0
ору ++  😂,2
👌🇺🇦 🔥 :),2
...📌,1
...🤷‍♂️,1
🤡 ❤️  👏💯,0
🔥 🫶,2
📺  ...  🤷‍♂️,1
🤮🐍🤦‍♂️🗑️,0
🤡 😩🤢😤,0
╭┴═█░║┼░┬┤,1
⚠🚫 ✖ ❓шок,0
❤️❤️❤️,2
║━═▓│├├,1
💖🌙💖🌙cute,2
😤😩 😒 -_-🤦‍♂️,0
🎉^_^,2
▓░┤═│,1
🤷‍♂️ 📌💅,1
-_-🤡,0
-_-🤬  🤮😠,0
🐷 💩 🐷шок,0
!!!11🔥 👌🤝  💪,2
😭😩😭дайте,2
🎶🌿🌿 🎶 краса,2
жах ⁉ ❓ 🚫❗,0
🤡 🎉 🫶,0
❗✖жах ❗ 🚫,0
📌 📌,1
кринж ‼❌‼ 🚫,0
👌😂++ 💕 😍,2
😡 😤 ?!?!🤡,0
📺😶 📻 ..,1
🤔 /😶👇,1
┬┴╰│┴║,1
- 😤 😤 🤮cringe,0
лол 💕 💯🫶!!!11,2
:)💯🎉,2
((( 😩,0
😩 😭😭need,2
---😠жах😒😡,0
╯╭▒▒┤╮┼,1
😡???,0
║│╭║═├,1
☁🌙  💖,2
🤬!!??,0
мда💣,0
🤡😒 шок🤢 :( 🤬,0
🎉 👍,2
☕/  🚶📺,1
😍!!!11🤝👍,2
░┴│┼║│█┴│,1
🤮🐷 !!??🤢,0
🙏🙏😭🥺,2
♡ ✨ 🌸🎶🌸,2
🐷🤬 cringe🐍🤦‍♂️,0
🫶 +,2
🤷‍♂️👀+/- 📻 😶,1
😒:(  😩 🗑️ треш😩,0
...  🚶👀👇,1
🇺🇦😂 ^_^  🫶,2
🙏😭🥺😭,2
❀ 🌙 ✨🎀❀,2
((( 🐷,0
🐷😠 :(bruh,0
╭│═┬─━,1
🤖 🤖 ...☕,1
💢  ок,0
💉  💊  🩸  ну давай,0
🐷🤡,0
🤡 💯 💕 🤝🫶,0
🗑️??,0
━─╭░╯├█║┼┬,1
💅 ..,1
😒😩-🤡,0
☁ ✨ ♡ ❀ краса,2
│░▒┤├╰▓║,1
😍🤝🫶,2
🫶  🇺🇦 :) 💕,2
---  😤🤢😤😩,0
╭╮█┬╰╭═━▓█,1
‼жах ⛔❓,0
━│╮├╮║─╯,1
🚶 😶 ... 🚶,1
📺~,1
🤷‍♂️ 📻~🤖,1
побачимо💊 🚬,0
🔥 😂))),2
💊🔫  🔪 топ,0
🔫мда💣  💊,0
🤢 -_-,0
🤝🤝,2
🤡 🥰🤝🥰,0
▒╯╭█║╰,1
▒▓┼├┤┬╰▓,1
🔫 ☠ок,0
ок 💣  💣 🚬,0
🌿☁вау,2
🤖😶 👇 🚶,1
♡🌙 ☀✨ ✨,2
😤 :(🗑️,0
💊  💉💊топ,0
💕👌🥰,2
╭│═│═,1
жах 👎 😒(((,0
⛔кринж 🚫🚫,0
дякую !!!11😍,2
^_^👏,2
┼│╮─,1
💩  ((😡,0
+/- 👀👇,1
кринж⚠❓ ✖,0
👍 💕  🎉,2
cringe ⛔ ⁉⁉,0
❓ ❗шок❌,0
!!!😂 💪,2
😂^_^👍😍,2
☀🎶 ✿cute,2
😭🙏 🥺  🙏,2
🙏😩 дайте,2
💖❀🎀 🌙вау,2
🌙 ♥,2
🐷😡  😩,0
🤡💩((😤,0
L  ?!?! 🐍  😠,0
🌙♥ ☁,2
💪 👍 😂,2
😭 🙏хочу,2
╰╯╮┼┴╮,1
😡  😠,0
~  📺🤔  🚶,1
ок 💣🩸💊,0
імба 🤝 🫶 🤝 🇺🇦 !!!,2
🤡 🥰🇺🇦  🎉,0
+ 😍 ❤️ ❤️,2
🎉🫶,2
🥺 😩  будь ласка,2
❗ ‼ дно 🚫,0
😩🥺🙏🥺need,2
░╭─┤█▓,1
топ☠,0
🤝  💪 🔥,2
💩 ???  😠 😩bruh 😩,0
🐷 !!??,0
❗cringe ❓,0
🗑️мда🤮(((🗑️,0
┼█╯═╮░├─┤,1
👏😍  🎉,2
🚫 ❗шок,0
😡 🗑️🗑️капець 🤮---,0
🗑️-_-😠 😤😡,0
😡 🤬🤮 -_- 😡,0
⚠ ‼‼дно⚠,0
💅 🚶  📌+/-,1
☁ ✿☁☀,2
╮│┤,1
🚫 ✖кринж ❓,0
(((🤦‍♂️,0
😩🥺хочу,2
📻 👇  🤖  /// 👀,1
🌿 🌿,2
😂 ^_^💪  🫶,2
👇 ☕ ~,1
❤️ :),2
-_-🤦‍♂️ cringe,0
🤖 ... 👀👇😶,1
/🤔 👇 🤖,1
╰│┬╮▓━▒,1
║║┼▒╰━╰╮█┴,1
^_^ 👏🇺🇦,2
✨ ✨🌿 краса,2
💪 💯 😂,2
😠😩,0
♥☁🎀 топ,2
😶~,1
😭😭 🥺🥺,2
💅😶,1
/👀📌🤖,1
🇺🇦 !!!😂👏  ❤️,2
😡 ---🐷 💩,0
😤 🤬 😤🐷,0
👇🤔💅 👇,1
╰│█▓━,1
🎉!!!❤️❤️,2
🤔///,1
😍  🥰🫶🫶  ))),2
топ🩸💣,0
├█║░═░,1
🫶  ++👍💪,2
капець  ❌  ❗⁉,0
😍 +,2
💕дякую👏🤝💯,2
┼╰┬┼│║━─┤,1
💉 🚬мда 🔪,0
⛔❌дно,0
🐍 🤮 cringe😡🐍,0
❗ капець🚫✖⚠,0
😭🙏 дайте,2
🤝 based🥰 🫶)))💕,2
🤡 🇺🇦 🔥,0
((😠,0
💯🇺🇦,2
🙏😩 🥺дайте,2
━╭╰╰║╰─,1
📻 ///🤖 👀,1
...📺,1
мда 💉 🔪,0
❤️++,2
)))🔥,2
😭 😩🥺 дайте,2
⭐ 🌙,2
мда🔫🔫💣,0
╮║┬┬▒╭▒┴┬┼,1
💪!!!11 ❤️  🔥,2
-_-🐷 😠,0
-_-🤢,0
♥ ♥ краса,2
╯━░━╭│┴█║║,1
мда ⛔❌⚠,0
║▒░,1
⭐ ☀ ♥✿🎶,2
♥ ♡ ❀✿  🎶 aesthetic,2
📺  ///👇,1
🤖 /// 😶,1
👌👏🤝,2
🔫топ,0
cringe 🗑️  ---,0
жах🤢 🤢😤,0
█┼║┴─╰╭╯╰,1
🫶 👍 🥰:),2
🚫cringe ⛔,0
based ))) 😍 🔥  ❤️ 😍,2
😡 ?!?!🤡🤡,0
😡🤢bruh 😠,0
🙏🙏 😩,2
🚶 🤷‍♂️👇,1
┤║│┬,1
жах⁉✖❗🚫,0
^_^🔥🤝  😍,2
💣 топ 🩸 🩸,0
🔥 )))🫶,2
🎶 🌙 🌙,2
🩸 ок💣,0
😍+ 😍 😂,2
👎?!?!,0
..  👇 📌📻,1
💕 😂 :),2
❤️,2
~ 📺 🤔☕,1
🔥 🤝 :),2
💣 💉топ 💉,0
🥺🥺  🙏 🙏,2
bruh ⚠ ✖,0
🤮  жах🗑️,0
!!??мда 🤦‍♂️,0
...  👀,1
😭 😩😩😭,2
☁ ✿🌙 ☀🌿 cute,2
🤡 🥰❤️,0
🗑️  🤮 ??,0
🤢  🐍 🐍😒,0
💪 🇺🇦  super ❤️ 🔥,2
:)👍👌,2
💢 ок 🔫,0
🤢 😤 😒🤡 !!??,0
❤️🤝,2
✨ 🌙☁,2
🥰топ 🇺🇦!!!,2
мда💊💢 🩸,0
🤡 😂  😂💪,0
🤷‍♂️📌 💅👀~,1
┬╯┴├░┬│,1
┴┤┼╭░█,1
💊 ок🩸💊,0
╰│┬═├┴─░┬,1
треш😠??😒,0
🚫⁉ ✖bruh,0
😂:),2
😭 🥺 😭,2
🤡 😍 🇺🇦,0
⛔ bruh 🚫❗,0
🥰😍,2
👇/☕,1
💩 L 🤡  -_- 💩 🤬,0
❀✿ cute,2
!!!🫶  👏 🫶 👏,2
┬│╯═,1
╮║█├║├━┼▒┴,1
🥺🙏😭  🙏 хочу,2
(((треш🤡  🐍,0
побачимо  🩸,0
... 💅👇 ☕☕,1
😩😩 😭,2
😠😩?!?!🐍,0
📌/,1
╮┤╯█┼│║┬━,1
🚶🤔 🚶 / 🤷‍♂️,1
((🤢,0
?? 😒,0
🤦‍♂️ 😡,0
👇🤖,1
═┴░,1
🔫 ок 💊,0
⭐ ♡aesthetic,2
┴▒╭┴═▓═,1
═╭├┤─░▓,1
👎 👎😠??  😠,0
👍🎉🇺🇦,2
─█╭░║│┬═,1
побачимо 💣,0
┤┴─╯░┼█,1
☠ок,0
🌙☁💖🎀  cute,2
‼ ‼🚫 треш,0
❤️ !!! 🎉,2
🤡 🎉😂,0
:)👏,2
🩸ну давай 🔪,0
☠ок 💊 💣,0
❤️ ++👍🔥 super,2
🤡 😡  -_-,0
!!??🤢🤮🐍😒,0
❌ ❌L‼,0
🤮,0
🐍 🤡 ?!?!  👎😠,0
🤡 😍💪,0
🤡 👏 🥰,0
❤️!!!,2
!!!😂🤝 👏💕,2
😩 🥺  🥺😭хочу,2
📻🤷‍♂️📌 .. 👇,1
((L😤,0
🌿 ☁ ✨ cute,2
🤔💅 📺,1
═▒┬▒━▓▓╭╮║,1
!!!11 💯  😍,2
║─┼╯,1
жах‼⚠  ❌⛔,0
❤️ 😍 ❤️,2
⚠ ⁉❓  bruh,0
🙏🥺🥺,2
╯╰║,1
🎉 ору  ❤️ 🥰🇺🇦 ))),2
👇 🤷‍♂️/ 😶,1
жах❓ ❗❗,0
📌 ..,1
✨❀ ⭐ топ,2
💯🥰 🔥 🥰,2
!!!11 💪 топ 🫶,2
🫶)))😍👏🎉,2
❌ ❌  bruh,0
😍!!!,2
━▒░━▒╭,1
🥰👌,2
лол  👏🥰🔥👌,2
W  🔥❤️ :)💕  👏,2
💕💕,2
💕 ❤️💪))),2
🤡 ❤️💯 👌,0
+/- 💅📌☕ 💅,1
топ🩸💣 💉,0
... 📺👇🤖🤔,1
🤷‍♂️  📻 📺 📌 ~,1
👇📌☕😶,1
😶  🤖///,1
🤡 🫶👍 🥰,0
ну давай 💊 🚬,0
╯┬║┤┼,1
😭  🥺 😭 дайте,2
✨ ♥💖 ❀топ,2
🤡 🔥🥰 🤝,0
┼▓██├░┬╯,1
┬╯─,1
🐍 🤡 (((,0
👀+/-,1
🤡 🗑️🤡 🤡:(,0
┼╭╮┬░╰╮▓╮,1
~ ☕🤷‍♂️🤖,1
??? 💩,0
😤  🤮  🤮((,0
++🫶,2
🌙✿  🌿♥ ⭐вау,2
:) ❤️,2
😭 🥺😭,2
💪 !!!11 🎉 💕,2
♥💖🌙 🌸 cute,2
🚶 ☕👀,1
📺...,1
▒━┬,1
😩 🤮 😤🗑️,0
👏++ 👏,2
🎀🌸  ✿✨ ☀,2
╮│╮,1
cringe 🤦‍♂️😤🐍 🤢,0
лол^_^😂,2
🤦‍♂️?!?!🤢,0
💕 ❤️ 👏 👌,2
ок  🩸🔫,0
😤😤😠капець (((💩,0
🥰 ^_^,2
📻~👇🤷‍♂️ 📻,1
!!!11 ❤️,2
💪:)🫶🔥,2
🤡 🤝🔥😍💕,0
🥰🫶ору😂  +🫶,2
🩸🔪 мда,0
L((( 😡,0
💅💅💅 +/-,1
L 💩 :( 💩 👎,0
🤡🐍  😤 😤,0
^_^🫶,2
🤖,1
💪 ))) 🥰,2
╰║░┬,1
🩸🔫топ,0
🤬 😠  😠?!?!,0
😒🤡,0
🚶👀📺 👇 ...,1
🤡 👍👍 🫶💕,0
♥ 💖🎀✨,2
🚶👇 /  👀😶,1
🤡 🇺🇦 😂,0
((  😠 😡🐍👎,0
🥺 🥺  😩 😭,2
((( 😤 😒жах  😤,0
💢 побачимо 🩸 🔪,0
━┼╭░▓━┼═,1
🤡 💯 🤝 🤝 ❤️,0
❤️:) 💕дякую,2
😩 😩  😩 🥺 будь ласка,2
🤡 ---🤢,0
ок 💊🔫,0
🌿 ☁ ☁,2
bruh❌ ✖✖  ⚠,0
^_^ 👍🎉 🫶,2
~📻 🤖,1
~ 📌📌,1
📺  /,1
✿♥💖,2
🥺🙏🙏🙏need,2
▒╰━─┤│╮▓━,1
♥🎶  🌸☁🌙вау,2
🇺🇦  ++ 🎉 💕 💪,2
🤔📻  👀,1
♥ ✿♥♡aesthetic,2
cringe  😠🐍 😩🐍,0
🤷‍♂️  +/- 📺,1
((жах 💩 🤢👎😒,0
🌸 💖 🌸⭐ ☀топ,2
🐍?!?!  😤 😠капець,0
☕ 👇 🚶~,1
🤖🤖☕👀~,1
/ 🤖,1
🙏 😩 🥺 🙏,2
👏💯  !!!11  👌,2
🤡 👍😍,0
┬╯━█,1
⁉жах ❌❌❓,0
👎 😤- 🤡,0
┼┴╯╰┬│┴,1
😡🤡  ?? 😤,0
☠  мда,0
🇺🇦 😍 💯💕,2
╮┴░┤╮╮║╯╯,1
▓▓┼┴░│╮╯█═,1
✿🎀💖  ⭐⭐,2
╯┤═,1
╰╮╮═░┬║,1
?? 😠 🗑️😡😩,0
ок 🩸🚬  🚬,0
▓┬▓═┤┬┴╮,1
🤝,2
імба  :) 🤝,2
🤬 ---🤮  👎,0
cringe⛔  ⁉ ⛔ ✖,0
😭 🙏 🥺 😩,2
🔪топ,0
/📌 📌,1
━┬╮╯┤,1
😩 😩😭,2
├┤━┼,1
🤡 😠🤡 ?!?!🐷,0
))💯,2
👇 😶 📌,1
❀☀🎀,2
🌙🌸⭐ ♡,2
♥ 💖,2
🚶👇 ~,1
╭▓┬┼═░░,1
+/- 📌,1
🩸побачимо,0
😩 🤡,0
😭🥺😭будь ласка,2
━┼╰─╭│█,1
😂 💕  :),2
📻 📻 📻 👀...,1
💊 ну давай🔪,0
🎶 ❀ ✿ вау,2
👍 ++ 👍  💕👏 super,2
L  ❌ ⁉ 🚫,0
✖❌ ⁉bruh ✖,0
🙏🥺 🙏  дайте,2
👇 ...💅  👇,1
+/- 👀,1
🤡 💯🤝,0
📺 ...☕  📺,1
📻 😶,1
/📻🤖 🚶☕,1
💅 💅+/-,1
..📺👇👇,1
😂👍  красава,2
🤡 🔥🔥,0
🤡😠 🐍  жах((,0
🤦‍♂️😠шок 🤦‍♂️  💩,0
🤡 🥰 🔥,0
🐷  🤬,0
😤 🤢,0
🤡 👍 👌💕,0
☕ .. 🚶 👀🤖,1
💅📌...,1
│░═,1
🩸 ок💢,0
😤 👎 ?!?!🤬😠,0
👍💕🔥👌!!!11,2
💩🗑️ -_-,0
🤷‍♂️..,1
👎🤦‍♂️??,0
?!?!  🤢 😠,0
/👇 🤔,1
🌙 ☁💖 ✨🌿топ,2
🫶  😂❤️:) імба 🤝,2
🩸💊ну давай,0
❗ ✖ ✖капець,0
║═╮┤║┼,1
🥺😩  🥺,2
🇺🇦 ❤️🫶  😂,2
▒▒█░,1
☕ 📌+/- 🤷‍♂️ 📺,1
:)❤️😂,2
🚫cringe ❌❓⚠,0
😶 📻..,1
💣🔫 ну давай🚬,0
🥰🫶 💪+  🤝,2
🎀☁,2
😶📻🤔🚶,1
bruh❓ 🚫 ‼ ❌,0
┤┬▒║▒║╮╮═,1
🤡 👌 🥰 🇺🇦🫶,0
📌👇 /,1
╰├╮╭│╯║╰█│,1
🚬  побачимо,0
╮╮═┴,1
🩸🩸 ну давай,0
💪 💕))),2
)))🎉 👌,2
ок💣  💣,0
🇺🇦 :),2
╮╭█─▓,1
───▓║┬,1
🔫 🚬топ🔪,0
🎉 !!! 🫶,2
ну давай 💢 🩸,0
ок 🔪,0
📌🤷‍♂️📌,1
💪 😂база )),2
♡  🎀✿  cute,2
😡  🐍:(  L🐷,0
😩😠😤-шок 😩,0
🚶 ..,1
😩 ???,0
!!!11😍 ❤️  ❤️,2
🗑️🐍 🤡треш???😩,0
❓❌L❌,0
✿  ⭐🌸 🎀aesthetic,2
🐷🐍 🗑️😡,0
?!?! 😠  треш,0
╰▓┴,1
💅...👇🚶  🤷‍♂️,1
😍 😍👍)),2
🚶  +/-☕🚶,1
😩 😩 🥺🥺 need,2
💖 ☁ 🎀 🌿,2
👌 ❤️😍,2
♡ ♡,2
😂💕😍,2
👇///👇,1
:) 🎉 🫶,2
🇺🇦  😂 🤝  🫶 super,2
⭐ ❀♡ ♡ ✨,2
🎉+,2
❀🎶  ✿ ❀🌙 aesthetic,2
🤔 👀,1
💩 😒🤦‍♂️🤮  -_-,0
💩😤💩шок??👎,0
😤L🗑️ 🐍 👎,0
❌ bruh⛔,0
🤡 💪 👌,0
🩸 ☠💢мда,0
☁ ✨aesthetic,2
💣 мда 🩸,0
🌿⭐ 🌙 🌿✿cute,2
👀🤷‍♂️~,1
🤬🤢😡 :(😩,0
❀🌿 ⭐,2
💕 ))  😍,2
👏 🔥^_^💪,2
┬██├,1
╯┼░░━─,1
🎀 ♡топ,2
🤝 ^_^,2
---😒🤮 😠мда,0
+лол👍  👌🇺🇦,2
┬╯┬╭┴┴░,1
😠 😤??? 😡  😩,0
мда ❓ ‼,0
╮▒║╯╮━▓━╰▓,1
?!?! 😩,0
❤️❤️)),2
💪👌 🔥  🇺🇦))),2
🥰🔥 ^_^🇺🇦  👏,2
імба ))) 🤝,2
📌 💅,1
🤡 🥰😂,0
/📺😶  🤖☕,1
💣ну давай 💣,0
❀☀краса,2
│╭─║─╰╯│█│,1
│░━╯╯┴┬█╯├,1
🔥!!!11 💪,2
🌙 🌿 ☁🌸 ✿ вау,2
🚶📌,1
🥺🥺 😩 🥺 дайте,2
🤡 🤝🥰,0
🤡 💯😍 👏👌,0
💯🥰🤝👏,2
/// 👇,1
🎀✿ 🌙☀,2
/💅👀,1
кринж 🚫⚠,0
💅 +/- 🚶 🤖🤔,1
📻☕👇  💅,1
-_-🤡 🗑️🤮,0
☀♡☁,2
🔫 ну давай💢,0
💅🤖,1
☀  🌿  ☀♥⭐aesthetic,2
😭🥺  🥺 😭 хочу,2
━━┬┴─,1
🤔..📌,1
🫶імба👍+,2
│▓░╮─═▓,1
ну давай🔪💢,0
🤡 😍 🇺🇦🎉,0
┼┼┼╰,1
💣ну давай🩸 🩸,0
⛔  капець❓,0
😡  🤬🤦‍♂️,0
✿⭐,2
💉🩸 🔪 топ,0
🎀🎀,2
⁉bruh 🚫 ❗ ❗,0
┤┤├█,1
│║╯▒─,1
-cringe😩 🤡,0
❀☁,2
🤔  ~📻,1
👀 💅📺 🤷‍♂️ /,1
▒┴░░║│,1
🐷 🤬 🤦‍♂️🤦‍♂️,0
💯🤝🫶,2
│┼╯█▓╭├╰─,1
💖 ♥♥  вау,2
╭│├├,1
(( 👎,0
(( 😩,0
💪🔥💪база,2
😤 ???🤡🐷 👎,0
шок🚫  ‼,0
😍 😂 😍  👌 !!!11,2
👇 +/- ☕🤖,1
❤️ 🇺🇦^_^,2
😒🤦‍♂️ --- 🤦‍♂️,0
+/-👇,1
║░┴┤┼,1
🔪 🔫🔪ну давай,0
(( 🐍,0
🫶🎉,2
♡🌙 🌿💖,2
❌ дно⁉  ⁉⛔,0
👌💯🔥💯based,2
🐍  😤😠?!?!💩,0
✖ bruh ❓⚠ ⁉,0
топ 💢,0
💕💯💕^_^ору,2
━░─█░▒║▒,1
++❤️ 🔥,2
🐷 мда,0
^_^🥰 👍🇺🇦,2
🩸 ок 💢🔪,0
/😶☕,1
🎉👍,2
🌸❀ ☀✿ 🎶 cute,2
++  💯,2
━─│┴┼╯█═━,1
?!?! 🤮 😡 🤡👎,0
│░╭▓═╭─,1
⛔  кринж ⁉,0
🤡 💪 🤝🎉 😂,0
╭╮▓,1
💪  +,2
😍 !!!11,2
✿♥топ,2
▒─▓▓╯├║│,1
🤮🤦‍♂️🤢,0
❤️ 💪 🇺🇦 🎉,2
😩  😭 need,2
💅😶  ☕,1
🤢🤮 🐷💩,0
super  ++  🤝🫶,2
🙏😭  😭🙏,2
⁉⚠ треш❓,0
💪💕 ))) 🎉,2
👎 🤡,0
▒│║▒─╯,1
/🤖  🤷‍♂️ 📺,1
🤔 ~,1
💣 ок💣 🚬,0
▒┬╮├━╯░┬╰,1
─╮║┼║├▓,1
:)💕,2
красава  👏💕👌!!!  👍,2
═╮─│█,1
┬▓▓,1
🤡 💪 👏😂 🇺🇦,0
((  😒 🤮  😒,0
🐷!!??😤,0
│┤╯━╮░║┬,1
!!!11 👏👏,2
💕  !!!11,2
┼┴══░═,1
💕🥰💕++ 👌,2
▓╭▒│┼,1
💉💢побачимо,0
││━──║,1
🤡 👍🤝 🫶,0
═░╮,1
╰▓┤,1
🚫cringe ❌,0
┬▓░,1
шок😩,0
😂👌 ))👏 🤝,2
🇺🇦🔥,2
((🤮,0
🚫 🚫 cringe,0
😩 🙏😭  🥺  хочу,2
🔫💊 ок,0
~ 💅🚶,1
?? 😡 🐷🤡  🤬,0
🤷‍♂️🤖 🤷‍♂️,1
♡🎀вау,2
📻😶  📌,1
👎😩 😤,0
🎉 🤝,2
++🥰,2
🫶++,2
🤡 🎉❤️🔥,0
+ база💕,2
❗‼мда,0
💩🤢,0
😂!!!11🔥  💕,2
💩😡🐷 ??? 🤢,0
побачимо🚬 💊  💢,0
🎶 ♡ ♥ краса,2
🤡 🫶 💯🎉,0
💉 мда💢,0
👎 bruh😠,0
😭 🥺  😩need,2
🙏 🥺 🙏,2
))🔥  💯 😂,2
😩 😭,2
♡🌿♥,2
ну давай 🔪☠,0
🤮  -_-😡,0
🇺🇦 база👍 !!!,2
😂  W,2
bruh ❓‼,0
😩 🥺 🥺😭хочу,2
🌸 ✿  🌿 🌿  вау,2
╭╰║││▓┴─╭,1
🤖👀 🤷‍♂️ ☕,1
☁☀ ❀ ♥☀,2
🚫 капець ❌❓ ✖,0
))🎉,2
😭 😩 🥺🥺 need,2
ну давай🔫,0
🥺 🥺😭 🙏need,2
😡 😡жах !!??,0
🐷  :(,0
😩(((😡😩👎,0
☠ 🔪ну давай,0
💊 💉🚬  топ,0
🎶✿🎶 🌙,2
🤖 /,1
📌🤷‍♂️☕,1
👏 🥰 🥰 💯,2
☀ 🎀✿ краса,2
❗❌  капець⚠,0
☁ 🎀🎀 🎀 вау,2
🔥 👍 🥰  красава+,2
-😠🤦‍♂️🤡 💩,0
█│╰╯║┤╭┤,1
ок💊🚬,0
?? 😩,0
😶  😶🤔🤷‍♂️,1
💖⭐ 🌸✿топ,2
🫶 ❤️ 😂!!!11💪,2
┤▓├┼│▒░━,1
✿🎶 ♡🌿aesthetic,2
:)  💪,2
👀📻 🤔 📺  ~,1
дякую🔥+,2
⭐ ☁🎶 топ,2
😠 ??? 👎,0
/  👇😶 😶,1
☕ 👇/,1
│╮▒┤─┬│╭,1
═▓▓║║,1
??? 🤢,0
═┴═╭,1
😩 😭🙏😭,2
💪👌👍 💪,2
😩😩🙏,2
💕^_^🤝😍 база,2
😩 😩 🥺 хочу,2
☠ 🩸 ок💉,0
💯🫶 ❤️ 💕,2
🤡 😂😍,0
/// ☕,1
▓╮╭┴╰├,1
🤷‍♂️☕///,1
ну давай 🔫 ☠,0
🥺 🥺,2
🚶🚶  🚶 💅,1
🎀🎶✿,2
😍 )))🫶 ору ❤️ 💕,2
🇺🇦  ❤️ 🫶💕,2
🔫топ🔫,0
🤔📺📌,1
))) база  👌,2
🤡 😍 💪🥰🤝,0
👇 📻🤷‍♂️  💅,1
??bruh🤦‍♂️,0
🤔 🤔/,1
┬║┼│║╭┬╮,1
💩!!??👎,0
👏🤝))дякую👍,2
⛔⚠ треш❓⁉,0
💢 мда 💉,0
super 🔥 🫶  👍++👏,2
😡((,0
треш❌ ❗❌ ⚠,0
😤🤬 🐷 L,0
📻 🚶💅+/- 🤷‍♂️,1
❗⚠⁉ cringe  🚫,0
💕+ 💯 🔥,2
💊ну давай,0
╮╯┬┬█,1
🚬💊  💢ну давай,0
🐷жах 😩 (((🤮,0
🐍🐍,0
⭐☁♡  топ,2
👏😍 👌++,2
╯░─╮┬┴├▓,1
👇  💅 ☕👇,1
.. 🤖  🤔🚶,1
😩 🙏 😭 😭,2
❗  bruh ✖,0
/😶,1
😶🤷‍♂️...,1
капець ✖⁉ ❓,0
📺 👀 📌,1
🐷  треш💩- 🗑️😒,0
▒┤▒┴┴,1
красава!!!11❤️,2
♡🎀♡,2
📌 🤔📺 ~,1
▓┴█╭║─│╭,1
😩??😠 🗑️,0
👎 👎🐷!!??,0
топ🩸 💣,0
💖 💖aesthetic,2
👎👎 😤 ??шок 🤮,0
💢побачимо 🔫 💊,0
ну давай🩸 🔫,0
🤖💅🚶🤔,1
╮▓┬╮░═█┤,1
🤦‍♂️👎---,0
⁉❌ мда,0
┴▓╰░═░,1
├│║┼█╮,1
🫶 super)),2
▒┤▒,1
😍 👍 😂++ 👍,2
█╮█║▓──╭░,1
┴─┬▓╯├─,1
дно✖ ⛔,0
❤️!!!11 💯  👍  ору,2
💖 ❀ 🌸☁вау,2
😩🥺🥺😭 хочу,2
░─├,1
ок ☠ 💣,0
)) 👌,2
))🔥😂,2
^_^😍,2
💯:)імба,2
🌿  ❀♡ ♡краса,2
-_- 🤡💩  🗑️,0
✖❗треш,0
!!! 💕,2
❤️👌 😍 🔥,2
┤═╯▒╭█╯░,1
─╭││─▒─║,1
🌙☁♡ ☁,2
:) 🫶,2
🔪 💣мда,0
🤡 🥰 💪,0
├▒┼╭═▒═█,1
bruh 🚫  ⁉,0
ок💣,0
🔥!!!💯👏,2
!!!❤️  👍🎉🤝,2
🚬побачимо  🔪,0
🔪💉☠топ,0
📻~🤷‍♂️  ☕👇,1
😶 👀,1
⁉ ❌ ⚠мда✖,0
│├╯▓░┬,1
🙏😭 🥺,2
❀🌙 ✿ 💖,2
🙏🥺 🥺хочу,2
💩👎??😠,0
█━├┴█╮▒─━,1
┴╮╭║┴╭█╯╯,1
///🤔,1
🤡 🥰😂 💪,0
🔪ну давай☠  💢,0
🐷---,0
/🤖  🤷‍♂️ 📌,1
📌  📺😶,1
│╭│╮┴,1
🎶 🎶,2
🎀 ☀  ☁ cute,2
━╮█│╰╰░├┼░,1
🤡 🥰 💪🎉,0
🔫🩸мда,0
🫶 +красава,2
+💯,2
🤡 🔥💕,0
😩🥺 дайте,2
🌿 🌙 💖 cute,2
..  📺 💅🤷‍♂️,1
🙏 🥺,2
⭐ 🎀 ♥  вау,2
┤╯▓░░┤━▓├█,1
█▓█░┴,1
🎀🎶 🎶 🌸 краса,2
▓┬╭,1
═┼│▒━,1
лол🇺🇦,2
🐍 🗑️ ???🐍,0
🩸🚬 ок,0
📻😶☕~,1
🎶 ♡ 🎶  ♡,2
├┴░╰┤,1
▓║├┬,1
))❤️,2
🎶🎶,2
💊💢 побачимо🩸,0
░┤├─═┬╯┤▓,1
👌  😍 💪,2
..📌🚶  😶,1
╭┼┼┼╭╰═┼╭,1
🐷🤦‍♂️  (((  🗑️ 😤,0
🫶 💪 )),2
😶/ 🤔 📌,1
❤️👍 🥰🤝,2
📺... 📺🤷‍♂️,1
^_^ ❤️ 🎉🇺🇦,2
╯║▒╰│█▓├╮▒,1
🔥 ))🎉💕,2
🙏  😭,2
📻🤔💅...🤷‍♂️,1
++ 😂🎉 👌😂,2
═╰━─▒━,1
╯│━,1
🌙 💖 ♡ вау,2
топ +🎉🔥  🫶 🫶,2
мда ❗ ⁉⁉,0
⚠❌ кринж,0
░┬║░━┬╯┤╰╭,1
💅/// 🤖📻🤷‍♂️,1
‼  ❗❓ ⚠ жах,0
❤️^_^ 👍,2
😭😩 хочу,2
││▓░║█▒,1
💊 🚬 мда💊,0
🚬 💣 побачимо,0
👍👍,2
🔪мда,0
💪 🔥 💪,2
▒╰█├╯,1
😶///🚶📻,1
💩😡 😤😡bruh,0
☕🤷‍♂️,1
😭🙏 хочу,2
😡 😠,0
-  🤡  😠 🤡😠,0
дно  ⛔ ❗ 🚫,0
┤═▒░,1
🥺😭 😭 😩,2
🥺🥺 😭 будь ласка,2
📌 ~📻 👀,1
═┴┼╭,1
топ 🩸 ☠💣,0
🤡 👌 👏 😍 👏,0
??🤡👎😤 😒,0
▒║─┼╰┴┬━,1
❓⁉ шок ⚠,0
┴┼═,1
🙏 😭 😭,2
///📻 👀,1
📻  😶👇 .. 📌,1
🩸🔪 побачимо,0
💕 🇺🇦 🫶💯,2
💩🗑️  -_- 💩 👎,0
☁ ✿ ☀,2
🌿☁🌙🌿,2
🩸 💢💣 топ,0
♡🎶🎶 ☀,2
🤡 💕🇺🇦  👍,0
📺📻  📌 🤔///,1
📺/ ☕ 🤖🤖,1
🎉!!!👌 👏🫶,2
based 👍  )),2
☁⭐🌿 топ,2
👀...,1
ок 🔪 💣,0
))🫶❤️  😂,2
♥🎀♥aesthetic,2
😂+based,2
👏👏+🫶 ❤️,2
🤢 🤡🤮,0
🤡 🫶 💪👏👌,0
🚬 💊 ок 🔪,0
❤️ 👍 ))),2
█┼█┼┴,1
🥺  😩😭хочу,2
🤡 😒 :(,0
🥰  🤝👏^_^,2
✨ ❀🌿♡  топ,2
🤡 🥰🤝 💪 😍,0
🙏 🥺🥺🙏,2
🎉:)🎉,2
😩 🙏дайте,2
💖☀ ☀  🎶 топ,2
👇,1
⭐ 🎀☀ 🌸☁  краса,2
┬═▓▓▒▓┼,1
ок  💊 🚬  🚬,0
🎀❀,2
🙏😭  🙏 😭,2
📺 🤔 🚶💅,1
😤?!?! 🗑️ 😤,0
!!!11💯,2
📺🤖... 📻,1
🎀🌿❀ ☀✿,2
👇  ~👇,1
☕📺///👇👇,1
👇  🤷‍♂️🤔 😶,1
🤔 🤖👇💅 ///,1
дно ❗✖,0
🥰)) 😍,2
⁉  капець ⁉✖,0
+😍 💯 💪👏,2
🤢🐍треш ---👎,0
!!!11 😍  🇺🇦😍,2
ок  🔫,0
😶 😶 🤷‍♂️,1
~ 📌 👇,1
💊побачимо,0
🎶 🌿,2
🫶 super,2
❀ ☁,2
😂)))🎉 👏,2
++ 🇺🇦😍 👍👏,2
🤖😶... 📻,1
😩 😭🥺будь ласка,2
🤝 based,2
💅🚶,1
🌿 🌸🎶 🎶,2
🤬треш🐍,0
☀♥ 🌿🌸,2
💯🇺🇦  👍W++,2
💣 🚬 💣ок,0
((( 🐍шок,0
/📻 📌 🚶,1
😒😤,0
🇺🇦+,2
🤢капець🤮 👎---,0
++🔥🥰,2
капець (((😤,0
кринж🤮---,0
🔫🔫 топ,0
🤬?!?!🐍,0
📻  ..,1
🙏😩 будь ласка,2
!!!11👌🔥база 🎉 💯,2
┼┼─├▒┬╭┤,1
🤡 👍  🥰💕👌,0
💯🫶:) 🤝,2
🤢😒:( 🤡,0
📺 🚶 +/-,1
🩸мда 💣,0
!!!11super🥰 🫶❤️,2
┬─═▓██,1
┬║▓━║░─├░▓,1
😩😩 😠🤬,0
L  ⛔ ❓ ❌✖,0
🥺 😩  🥺 😭дайте,2
│█▓,1
ну давай  💣,0
❀  🎀  🌙вау,2
📌 👇 ...🤷‍♂️🤷‍♂️,1
🔫 мда,0
...🤔👀 ☕ 🤔,1
😩🐷!!?? мда😤,0
😩---,0
✨♡  ✿🎶🎶,2
🇺🇦🥰👌 💕,2
📻///☕,1
😠👎🐍,0
🚶☕..🚶📌,1
👎🐷 ??,0
🙏 😩  need,2
🤢 🤢🐷😤,0
🩸  мда,0
▓─┤,1
🐍((,0
🌙 ☁ 🌿,2
👇 ~ 🤖👀👇,1
🎶  ♥,2
ок ☠,0
!!!11ору💕,2
)) база👍,2
💢🚬 мда,0
+/- ☕ 👇  🤷‍♂️ 📻,1
│┬█╰┤├╰├╮,1
...  👇🤷‍♂️📻📌,1
💅🤔  ~  📻 📺,1
😂💕💕,2
/🤷‍♂️ 📌,1
╭─▒╯,1
⁉  ⁉ ⁉⁉bruh,0
ору 😂^_^ ❤️,2
📺💅💅 🤔,1
⭐  ✿ 🌿 ✨🌙,2
🔥 ❤️++,2
✖ ⛔ 🚫мда❗,0
🤦‍♂️((,0
🇺🇦💕 ❤️,2
☕/ 👇,1
♡ ⭐🎶 ❀,2
///💅,1
🇺🇦 🥰 🤝 😍 !!!11,2
┤┤╯░┴├,1
🐷 🤡 😒 🗑️,0
++💪💪,2
╯║▒╯┬╰──,1
║┼╰╰╮━,1
┬─┬░│▒▓─,1
🤡 👌🎉,0
🥰!!!11🤝,2
🤮🗑️ 🗑️ 🐷,0
🤡 💯🎉👌,0
лол 🫶❤️  👌👌))),2
🤡 👍💪🫶🔥,0
топ ☠🔪,0
🤡bruh😠,0
📺 📻 ...,1
📺  📺🤖  📺 +/-,1
✿💖♥cute,2
💩 🤬 🤦‍♂️  ???,0
🎶 ✿☀ 🌸 ✨,2
🫶 ++❤️,2
🚬💉💢  мда,0
╰┼╰┼╰,1
😒-_- 😡 🤢,0
❤️based +,2
🌿  🌙 aesthetic,2
кринж🚫 ⛔,0
🩸🚬ну давай,0
🤡 🤝👏  🎉 👏,0
🐷🤡 🤮- 🤦‍♂️,0
!!!🇺🇦,2
👏:)🫶,2
шок‼⚠ ❓,0
█╰─╯─░░━,1
😒😩 😩 😒-,0
+🎉 💪  💕,2
▓├▒║├├█,1
🙏 🙏🙏🥺,2
😶☕,1
+based💕,2
▓═▓▒╰─╯▒╯█,1
- 😠😩👎,0
🤡🗑️🤢 :(,0
👎 шок👎 😩???,0
🐍капець🤮---  🗑️,0
🔫  мда🚬,0
:) 👏база,2
шок🚫 ❓,0
╯┬┼,1
❤️ лол  🥰 🥰 )))❤️,2
🐍🤦‍♂️,0
👌🔥  💯,2
💖 ♥  ☁ вау,2
..  👀,1
▒█╭├┴╯╮┼┤,1
║─╭│▒╭▒╭▓,1
💅🚶 ~,1
🤡 🇺🇦 🫶,0
🤝👏🇺🇦 ))),2
✿☁  ✨ ✿🌿  вау,2
😒😩,0
🐷🤦‍♂️ 🤮капець💩,0
╰█╭║╭┼▓═,1
📻  😶~👀 👀,1
🤡 ??  🤦‍♂️  👎🤡,0
📌☕📺 ~ 👇,1
🇺🇦  👍,2
👏 🫶 )))лол,2
☕🚶..📌📺,1
++  🔥 🤝,2
😩 🤢🤦‍♂️🤦‍♂️,0
🥺😭😭🙏,2
♡✿ ✨краса,2
🤡 🫶👏,0
👎🐷  ?? 😤🤢,0
👌💕 топ!!! 👍,2
🚶 📻🤔...,1
🤔🤔👀~,1
🤡 👌  🤝,0
😒  капець🤮,0
┴││▓─═█░,1
‼ капець 🚫⛔🚫,0
😶  😶🤷‍♂️ .. 💅,1
⛔❌жах ❓,0
┴█┼┼├,1
мда🔫,0
🤔/,1
🌸☀🎶,2
🚬 💉 мда  🔪,0
🌿♥ ☁🎀🌸  вау,2
🤡 👏💯,0
🤦‍♂️?!?!,0
~ 👀💅 🚶💅,1
🫶+ 💕😂,2
❤️ 👍 )))👍,2
█░┴║╰,1
┤░╰╰╭├,1
▒┬╰█┴┼,1
👌 база🤝🫶 😍,2
🌸  🎶,2
🙏🥺  🙏  😩,2
😂!!!ору,2
❌ ⁉ ❓ L,0
📻📺 🚶,1
💉побачимо,0
❀♥ ❀,2
🤡 🔥,0
😡🤢,0
топ💣🩸💣,0
😤 😒!!??,0
🐷 🤦‍♂️ 🐷,0
📻/,1
🎉  👍 дякую,2
🥰🥰красава  💯🇺🇦,2
🙏 😩 🙏 need,2
+/-👀🚶🤷‍♂️,1
❀⭐ 💖,2
👏 :),2
❓‼ ❌bruh  ❗,0
❤️ +😂🥰💪,2
😩 🤬  🤦‍♂️ 🤬,0
?!?! 🤡,0
cringe😠😡🤦‍♂️,0
═│═░┬,1
‼ ⚠‼ кринж‼,0
😠 💩L🤬🐍,0
🎉🎉super++,2
🥰)))  💯 🥰,2
💪)),2
♡ ♡⭐ ✿,2
⁉  bruh‼,0
^_^ дякую 😂,2
L‼ 🚫,0
😂💯,2
💯🥰^_^,2
💯 💕  💪based,2
🤦‍♂️ 👎 ---,0
▒╯║┬━,1
😂 :) 👍,2
💊 🩸ну давай,0
---  🐷🤮🤬жах 🤢,0
💢 💣 топ 🩸,0
👇 👀...,1
🌿💖,2
🩸 🚬побачимо 🩸,0
😍💯 😍  ))  🫶,2
─█░,1
┼╭█┬,1
☁  ♥ ☀ ❀,2
ну давай💢 💉,0
імба^_^ 😂🫶🔥,2
🤷‍♂️ 📻 🤷‍♂️,1
│┴▒║,1
✿ 🎶♡вау,2
❓❓дно,0
🙏🙏😭,2
/ 👇  🤷‍♂️ 📺 🤖,1
🤔 😶😶 ☕,1
😡😤🐷,0
╰█╮╭├═│░,1
🌿 ☀✨🌸⭐вау,2
🤔👇...,1
━┼╰─▒╯,1
🎶✿ 🎶 топ,2
📌 ~👀☕,1
😩😩🙏будь ласка,2
✖ ⚠❗  дно❗,0
😒 🤬🤦‍♂️ ?!?!,0
👌++👌,2
🔥 !!!,2
:(😡😠,0
😒 😒🤦‍♂️ 🐍 капець,0
((😤,0
█┤║─▒┼▓░▒,1
🤡 😍😂,0
..☕📺  📺,1
🤡 💪 💯 🤝💪,0
🙏😩 😭дайте,2
☁ 🌸 ♡ вау,2
║─╮┴━═╭,1
❤️🔥 ору !!!11😂🤝,2
🎀🌿,2
❀✨ 🎶 ✨,2
🤔  🤔 ...,1
^_^👍based🇺🇦🥰,2
💣ну давай🩸,0
👍 🫶,2
‼❓дно❓,0
🚶 ☕ 📻,1
🤬 👎🐷!!??,0
.. 👀👀,1
👀 👇  .. 📻🤷‍♂️,1
☕🤷‍♂️👇...,1
🚫 ‼ жах ⛔ ❌,0
/  🤖🚶,1
⛔⚠капець⚠,0
🙏🥺 будь ласка,2
~ 📺,1
│▒╯█╯┴═█┤├,1
🤔 ~☕ 🚶  🤔,1
🤡 💪❤️ 🫶💪,0
━├━┼╰░,1
😡 😩💩 -,0
🥺 😭 🙏 🙏будь ласка,2
─┬┼┤░╭╮┬,1
кринж  🚫 ❌ ❌❗,0
🤡 🤬🤬 😠,0
▒├═░─,1
🤢🐍??,0
😂super ++ 💕 ❤️ 👏,2
❓ 🚫❌жах  ❓,0
🇺🇦🥰👍))) 💪,2
🥺 🙏😭🙏,2
🤬🤬 🤡 🤡,0
💪👍,2
..🤔,1
📌/☕🤖 🤔,1
👏👌W 💪 😂 !!!11,2
💉ну давай💣  💣,0
😠😠🤦‍♂️,0
┬╭━,1
🎉дякую!!!11 💯🇺🇦,2
😂💕🔥 based 🎉,2
🔥👏 🫶😂,2
🤡 🔥❤️ 🎉🥰,0
█┼▓╭━─,1
👏 імба 👏😂💪,2
!!!🫶,2
─│┴╰│╰┤┼═,1
мда💢,0
🤡 ❤️,0
⭐ ☁ ☁,2
🤡 😍💯 ❤️👌,0
🥰👍  😍 W 🔥,2
🤡 ❤️🎉,0
💕👍🥰 ++  👍,2
✖❓треш,0
L !!?? 😤,0
😠  🤦‍♂️ ?!?! 💩,0
♥ ☁ aesthetic,2
😭 🥺хочу,2
👏 ❤️ ^_^🥰 ору,2
🤖 📻📻 📺 ..,1
╭━░├,1
based🫶🤝 ❤️^_^ 👌,2
/// 🤔🤷‍♂️  🤔🚶,1
═─░─,1
🫶^_^👌 🫶,2
🤮кринж  🐍,0
(((🤡,0
░═╯┴╭░│╰░,1
👀🚶~,1
🤔 📺  😶👇,1
█╯┤,1
😍 💯 імба^_^ 👍👌,2
💉 🔪ок,0
░╰▒┤┴┴╭═,1
╮▓┴━╭━━,1
🔪  💊побачимо,0
👎🗑️👎 кринж  ---  🤮,0
👀📻 /,1
▓▓├▒┬░▒├─,1
❀ 🎀🌿♡🌿,2
🤡 🤝 💕🔥 🔥,0
║║╯░█,1
❌‼капець,0
┼═├░┼░━│├,1
🥺🙏😩🙏 дайте,2
🙏🥺 😭,2
♥⭐♡,2
🫶 )),2
✿ ❀,2
🥺 🥺хочу,2
👀📻🤷‍♂️ ///,1
cringe😩,0
😶 🤔🤖,1
🚶 💅 🤖 📺,1
✿♥краса,2
.. 😶 🤷‍♂️,1
😩дно,0
мда⚠❗,0
🐷 🤮😠 👎,0
🤡 🔥 🥰 ❤️💯,0
-🐷 😩капець,0
├▓│╰│╯▒,1
:)  super🫶 🫶,2
🌿  ❀♥☁ 🎀 топ,2
жах 😠?!?! 🤢,0
!!!🔥 ❤️ дякую💯,2
🥺🥺,2
😩😭 😭 need,2
🤡 🫶 💕 😍 💯,0
🥺🙏 🥺 🥺 дайте,2
╯╰╯░┼█═╮╭,1
+/- ☕,1
🤮😤 😡 ?? 🤦‍♂️,0
🤷‍♂️👇 👇+/-,1
🥺🙏 🙏,2
┤╰╮═║╰┼║─╭,1
┤━┼┤│═│┴╯,1
❤️ ❤️ 😍база:),2
🙏 🥺  😭😩,2
..📺 🤔📻 📌,1
🤡 🤝😂🫶,0
🎀 ✨  ♥♡ ☀cute,2
🎀 ♡☁  ☀,2
─╰═▒╮│║╮╰,1
📺...  👀💅,1
/// 🤷‍♂️,1
👍 😂,2
🙏  🥺🙏🙏,2
│├║┤┬,1
🚬 💣🚬побачимо,0
┴─╭┴│█├─,1
✖  ❓🚫треш,0
!!!11 🥰,2
🤡 💕👍❤️ 😍,0
🤡 🗑️ L🗑️🤬,0
шок ⁉‼,0
мда💊,0
😒 🤡??,0
ну давай 🔫🔪,0
based 💯+,2
😩🙏😭,2
🔥  👏лол!!!11😂,2
🔥:) super,2
🤡 😂 🫶,0
┬┬═╰╰╰┤,1
😶 👇📻,1
█▒┬║─,1
🤮😒💩,0
ну давай 🚬💣🩸,0
((🤡🗑️ 😡,0
😂  красава💯^_^❤️,2
🤮:( 🤦‍♂️,0
💩 🤢🤬 cringe😒,0
??😡,0
❗  ✖ 🚫⁉капець,0
🥰 👌❤️🎉,2
█┼░─━│,1
..☕👇🤷‍♂️  🚶,1
дякую💕 !!! 😂,2
👍  💯!!!база,2
😩 🙏 🙏,2
╯├╰,1
)) 💕,2
лол  🎉👍👌💪,2
🤔😶💅📌,1
😶 🤖 📌 ~,1
😭 😩,2
😒🤡!!??😡,0
🤖 ///,1
^_^ 🫶,2
топ🩸🚬💊,0
:) 👍 💕👏,2
█═━╰,1
🇺🇦:),2
🥰 🤝💕,2
🚬☠ мда,0
++ 😍 🥰❤️,2
🥺 😩🙏  хочу,2
мда 🚬,0
🚶 🚶,1
🤮🐷 👎 😡,0
🐍 😠💩??🤦‍♂️,0
мда  :(🤡,0
█═█─┬╭╮╰░┤,1
💅 /,1
💢🩸ок💣,0
🤬,0
🤝))) 💪,2
💣 ок,0
😩😩😩,2
^_^💕💕 💯,2
❌ ✖🚫 ‼  жах,0
🌸♥⭐ 🌙,2
🔫 ☠🚬ну давай,0
╮═║░,1
✖ кринж ⛔ ❌ ‼,0
📻📺☕ 📻 /,1
😭 😩🙏  🥺,2
🤡🐷 🤮 ??,0
├━│╰,1
:)🤝 👏,2
🤖 👀,1
✖ жах  ✖,0
▓▒╮╰▒╯▓,1
⛔дно❗,0
топ🚬 🔪 💣,0
🔥топ,2
☁🎀aesthetic,2
😂🤝  ❤️  👍,2
-😠🐷  bruh😩🤮,0
👏 🫶 ))),2
/📻👇 🤔  💅,1
ору🫶 !!!,2
👀  🤔  🤷‍♂️🤔 ~,1
💕+,2
🌸🎶⭐aesthetic,2
🗑️ 👎,0
..☕📻💅,1
🙏😩 😩need,2
😍 super!!!11 💕,2
/ 👇😶📺,1
💩😩 🐍  (((,0
🤡🐷  капець,0
🌿 ♥ краса,2
🥺  😩,2
🤡 ---,0
👎🤡,0
💯  !!! 🔥👍 🔥,2
╮█▒┼╮,1
🤔 📻,1
⚠ ‼треш❓,0
ну давай💊,0
💪 👏 🎉,2
┴░━╰┬░,1
💅 👀+/-,1
?!?!🤬,0
💯 🇺🇦😍,2
🤷‍♂️///,1
🤡 💪🤝,0
🔫🔫мда💢,0
❌❌ капець❌ ✖,0
мда🩸🚬🔪,0
🐷((  🐍 🤡 жах,0
based))) 🫶,2
побачимо🩸💉,0
💩  🤦‍♂️ 😩L🤢 -,0
├║─▓║║,1
📺 ☕/🤔📻,1
🎉 ^_^,2
мда⛔  ❌ ❌,0
ок🔫 🩸,0
😭 🥺🙏😩 дайте,2
├╯├,1
🐷 :(дно,0
💅👇 ///🤔,1
🥰 🤝  🇺🇦 😂^_^,2
👏💯,2
🇺🇦 топ💪!!!11❤️,2
🩸 🔪ну давай,0
🎀 ✿,2
♥  🌿⭐🌙 ☀,2
🤖 ~,1
❀ 🎶 ♡🎶краса,2
┬██┼░╰═,1
^_^💯,2
🙏😩  😭😭need,2
❌ ✖  жах,0
??  🐍🐍,0
😭🥺 😩😩,2
😩 (((,0
треш 💩 🐷-_-,0
🩸 💣 ну давай,0
❤️ ^_^,2
💉🚬побачимо🩸,0
🔥🥰 🤝  ++,2
☁❀✨ ❀,2
♡ ☀,2
┤┬═┤═┤╰█║├,1
😩🥺 😭😩,2
😩 🤮🗑️  😡,0
🤡 🔥 😍,0
🎉😂😂🫶,2
дно 😤💩 🤦‍♂️ ((,0
🙏  🙏дайте,2
😍🇺🇦^_^ 🇺🇦🫶,2
🥺😭  🙏😩,2
😩  🙏  🥺  😭будь ласка,2
👎??😠🗑️ 🤬,0
🤡 🫶👏  💕 🎉,0
🤡 😍👍👌  🎉,0
📺~😶,1
/// 😶,1
🎉лол,2
дно😩,0
!!!11 ❤️😂🇺🇦  🥰,2
╯░━├─═┤,1
😩 😭😩 🥺 будь ласка,2
??  😤😡,0
:)🫶топ,2
... 🤷‍♂️,1
📌 📌 .. 📻,1
😒  ?!?! 🐷,0
█┴█,1
╭│╯┴═,1
🥺🙏😩  😭 need,2
❤️💕)))🫶,2
🤖💅  🤔  +/-  💅,1
ору  🤝  🫶🫶🫶,2
💕))),2
😤😒 🤮👎мда,0
║▓┴▓═┼│,1
║▒│,1
👌 💕 !!! топ,2
💕❤️ 🫶 super ^_^,2
╯┬╰├▒│┤╮,1
😤 шок  🤡 🐷(((,0
based😂))),2
👏 !!!💪 💕,2
😒😤 🤬  🗑️,0
😩 🙏😩 дайте,2
📌 🤷‍♂️  📻,1
💕😍 імба🫶 👌!!!,2
📌  👀📌+/-🚶,1
🤢  ((( 😤дно,0
👇💅 ... 👀 📺,1
┤─╰▓┤▒╮░,1
побачимо 🔪,0
☕👀 ~  💅  ☕,1
😤,0
✖  дно ❌ ❌❓,0
💅🤔 📌  👇,1
👌🔥 👍 імба,2
💉 💉ок,0
📻 🚶 .. 😶,1
😠?!?!,0
(((🤡 🤡 🗑️,0
🌙✨ 🌸✨вау,2
├╯╭╮,1
!!!11💯💕 👌  👏,2
╰╮├█╭══┴│,1
‼ cringe ⚠  ❗  ‼,0
🤡 🫶 💪👍🇺🇦,0
💊💊 побачимо,0
~  📻🚶🚶,1
🤡 😂❤️ 🔥 👌,0
побачимо 🔪 💢 ☠,0
🤡?? 💩 🐍😩,0
🚶📌🤷‍♂️...,1
лол 😂 +👍,2
...📻🚶👇,1
▒▒▒▒,1
├╰┼┼╮┬█┴,1
🚶...,1
😩 !!?? 🐍капець,0
🤡 👍 🇺🇦 🇺🇦💯,0
- 😠🤬,0
🤡 🥰🇺🇦,0
🎀🌿☁,2
🚬 🔫 побачимо,0
🤦‍♂️ 😩💩,0
😂💪 🔥 😍,2
🤮🐷---,0
🇺🇦👍🔥👌 ))) based,2
👇 📺,1
⚠⁉ треш‼,0
💪😍 ^_^імба🇺🇦,2
😍++🥰 💯,2
+ імба😍,2
)) 👌 W,2
💅 💅  ☕..🚶,1
😒 ???,0
❤️  💪,2
🙏🥺хочу,2
😶 +/-📺,1
мда🔫 💣 🚬,0
:( 😒 🤦‍♂️,0
🚫⚠✖ треш,0
🤡 😂🔥 ❤️,0
🗑️ 🐍🤡cringe --- 🗑️,0
🔪побачимо🔪,0
┴┤┬╭│█╭,1
😤 🐷??,0
│┼╮╰░░╰┴,1
😍)),2
-🤢🤮  😡 😠,0
░─═┬▒─│─╯,1
🤦‍♂️😩 :(,0
─┬╯━┤,1
☕ 🤷‍♂️🤷‍♂️ ...🤖,1
++ 💪 😂 🫶,2
⭐✨♡aesthetic,2
😩😩 😭🙏,2
👍^_^,2
??🤡,0
++💯,2
super ++👍👏 🥰 🔥,2
🫶💯+  W,2
~📌👀 📺,1
побачимо 💉💉  💢,0
??😠,0
✨ ✿ ✨,2
🤦‍♂️bruh 😡,0
💕 !!!11,2
🤡 👌  😂💕 💪,0
..💅📻,1
)) лол🤝 😍💯❤️,2
😍👌💕!!!11👌,2
!!!11🔥💯,2
💪🔥 💪+,2
💖 🌙💖✿,2
👀 📺 😶  🤔,1
🌿 ☀ ✨,2
📺 🤖🤖,1
👌 🔥💕 +,2
💯💯 топ🔥 👍,2
📌👀,1
🥰  💕,2
)))👍👏  😂,2
╰╰╰,1
❓ ⁉ капець ⁉ ‼,0
💕  👌 💯super ❤️,2
🎉 )))🫶 💪,2
👎---🐷😤,0
✨🎶 🌙✨ ♡,2
⭐ ♥,2
🤡 💪👍👏,0
╰││░╭▓╭░,1
🤡 👍 👏👏 👌,0
🙏🥺🥺будь ласка,2
😩  😭хочу,2
🎉 😍👏💪 ++,2
🤡 💕 😍😍,0
💪 😍++,2
🌸☁☁🌙 cute,2
‼✖✖cringe❓,0
☕ 🤷‍♂️/ 👀 👀,1
/// 🤖 🚶 ☕,1
дякую  :) 👍,2
🤔😶,1
☠ 🚬  ок,0
═▒━│,1
bruh‼❗ ❓⚠,0
❗⛔✖ ⁉  мда,0
☀ ☁☁ ❀  aesthetic,2
🙏🙏😩😩будь ласка,2
🤝^_^ 🥰,2
!!!11🥰👍🇺🇦,2
/ 🚶,1
😩 🥺 хочу,2
😠  🤦‍♂️!!??🤡👎,0
┤▒║┼─╰┼┴,1
💩 🐍?!?!,0
🐷👎,0
┴░░,1
❌ ❓ L ‼🚫,0
🚫 🚫 ✖дно⁉,0
✿☁  ❀🌙 aesthetic,2
🐷  👎😤 😒 !!??,0
█━━░├═,1
♥ ♥ ✿краса,2
🇺🇦топ!!!11 🤝❤️ 👏,2
♥ ♥  🎀,2
🤬🤬😤  🤡,0
╭▓╮▒╭╯├━▓,1
?!?!😠👎 😠,0
🚬ну давай  💣,0
!!?? 🤬,0
база 💯  +🔥,2
🤔🤔  ///🚶 👀,1
🤡 😂 👍 👌❤️,0
🎀 ⭐ 🌿,2
??? 😠😠 🤬,0
🫶🥰лол,2
│┼╰─╰,1
мда🤦‍♂️,0
░═│,1
🥰+,2
♥💖 cute,2
☠  ок,0
🥺 🥺😭 🙏будь ласка,2
🐍 -🐍 🤦‍♂️ мда 😡,0
🌸  🌿,2
🇺🇦 💪🫶 👏W!!!,2
📺+/-💅,1
┴─║├╮╮,1
💕++🇺🇦,2
?!?! 🐍,0
⚠❗мда ⁉,0
???😤🗑️,0
✨☀вау,2
😡  ??? 😡,0
📺👇/ 🤔,1
▓██┼─┤┬━│╮,1
...🤔📻,1
🤡 👍 🎉  💪,0
👎  🤮-_- 👎  👎,0
🔥❤️🎉 👍,2
🐍шок😠(((,0
📺☕ 🤖🤖,1
🔪 мда,0
😍🤝,2
💩 🤦‍♂️🤮  cringe  😒,0
❤️👍 імба👍^_^,2
🚬 🔫ок 💣,0
👎🤦‍♂️((,0
???  🗑️ 😡,0
++ 🇺🇦😍,2
😭🙏🥺😩 хочу,2
👌🇺🇦 😂😍,2
💅 ☕💅 ///,1
😩😩🥺 need,2
🤢-🗑️,0
⁉❓L⚠,0
🫶 😂  🔥 👌,2
ну давай 🚬,0
🔥))) 👏 красава 👍,2
┤─┼┤┼─,1
)) 🥰💯,2
┬├█═▒═,1
👇 +/-💅 📌 📻,1
┴╮┴▒┤╯,1
━═┤━┤┤░║,1
💯  💯🎉,2
🎀 ☀🎶 🌙cute,2
─▒┼├┴━╮╯█,1
🌸 🌸 💖  ♡  ☀,2
топ 👍👌 😂 )),2
❌ ❗ ❗дно,0
🗑️🤮 😤 (((,0
🚬 🚬  побачимо,0
!!!11топ 💕🇺🇦,2
super🫶🫶 ))💯👍,2
💢топ,0
🤡 💕 💯,0
🤡 ❤️ 💯,0
🤬 дно 🤦‍♂️ 👎??😒,0
---🐷🤢 🤬,0
🔥🥰💕🎉!!!,2
❗❓жах ❌,0
🥺  😭будь ласка,2
:)  🤝,2
😩 🥺будь ласка,2
❤️ 😍 :),2
💢💉 топ,0
🔥💯based😂 🔥 +,2
☀⭐❀,2
жах😤,0
++😍,2
❀ ❀ ♡  ✿ краса,2
🔪💣ок ☠,0
♡🌙♥♡,2
🤮(((,0
(((😠  🗑️,0
✿♡ 🌿  ☁✨aesthetic,2
╮╮┼├┴═━│┤,1
😡😒🗑️🤮,0
🫶🥰🎉🇺🇦 ++,2
👎🤡 👎  ?!?!  👎,0
...  👇,1
💕 ++ 😂,2
///🚶📻👀,1
☕🤷‍♂️👀,1
██╰║╯├┼,1
😤😠 ???,0
✿  ⭐ 🎶 краса,2
💊  ок,0
(((👎,0
ну давай 💢,0
💉☠ 🔪 топ,0
👏❤️ 💯🇺🇦,2
─╮┼,1
+ 👌 💪😍🔥,2
📌  ...📌,1
┴│─│,1
жах 🐷 ???,0
░═┤░╰╮,1
👍 💕 ❤️!!! 😂,2
👇👇🤖 🤖,1
!!!11💪,2
🌿 ⭐💖 ♥♡,2
✨🎀,2
)))👌,2
│═┬▒┤├,1
💊мда💢💢,0
💕)) 👏 💯,2
🚶🤷‍♂️☕ ...,1
🤡 🇺🇦,0
красава 😂 💯 👏,2
🐍 😤 🤦‍♂️ ---,0
📻 ☕ 💅,1
❤️ 🤝,2
🎉 )) 💕,2
)))👍😍💕  😍,2
🌙 ☀ ♡ ✿⭐топ,2
🙏😩дайте,2
☀ ✿✿,2
🌸♥♥ ⭐,2
💯 ^_^🇺🇦 ❤️ 😂,2
🤡 💪 🫶 🇺🇦,0
))💪 ❤️🤝 💕,2
╯│┬┬╰│╰═,1
┼▒░╰,1
топ 💢💊🚬,0
🇺🇦🫶  🇺🇦  🥰,2
///☕🤖 🤖👇,1
топ  )))💪,2
😭 😭  🥺дайте,2
🤦‍♂️🗑️ ??? 🤮,0
💖 ♥💖⭐,2
💪 💯 🇺🇦,2
💕💕🎉!!!11🎉,2
☀ ♥ 🎀🎶 ♡,2
😩 🙏,2
☕ ..  🤔,1
🤡 💯  👏,0
🌸⭐,2
🤬-_-,0
▓║╭┼▓▒▓,1
🥺  🥺,2
🚶 🤔 🤔👇~,1
❤️:)🎉,2
🤡 🤝🫶,0
((  🤮🗑️ 😤  🤦‍♂️,0
🤡 🔥😂🫶,0
🇺🇦 ору  ))) 🤝 🤝  🤝,2
▒█░╮,1
🥺🙏 🥺 😩  будь ласка,2
▒┴├─━,1
🩸  топ💣💉,0
👇👀  +/-,1
ору🇺🇦🇺🇦))),2
┴╭┤┤═┤┬┴,1
🤷‍♂️ 😶  +/-,1
😩 🥺 😭😭,2
💖☀  🌙,2
💯 :)🤝,2
💅 📌📌/,1
🤷‍♂️🤷‍♂️ 👀...📌,1
❤️💯 👏😂,2
!!!11🫶💯,2
═┬┬╯╭│░,1
😠🐷  😠🐍,0
☕😶 ///🤔,1
🎶 ♡♡  cute,2
╮█┬┼═┬═,1
💉 💣 ок💣,0
🤡 👍🇺🇦,0
!!! 👌🥰🎉🔥,2
👏 )))🤝😍👌,2
💊 побачимо,0
🤮💩💩,0
👇 /// 👀 💅,1
│─╰┬▒█┼│╯,1
🚬  💢 💢 топ,0
🎶✨ 💖топ,2
🫶 !!!,2
🤢 :( 😤 😤🤬,0
🤬 😤 👎  (((😒,0
█═▒│,1
😩💩?!?!🤢,0
💊🔪 топ💊,0
!!!11👍 😂🤝👍W,2
😍🎉👏,2
║┬▒,1
╯─█╮╮━│,1
:)  😂,2
😶 +/-📌,1
░═├━░━│,1
╰╮│━┤█│├▓,1
💯💯💯лол🥰,2
👍👍^_^ ❤️ору 🎉,2
✨🎀🌙🌿 краса,2
🔫ну давай ☠🔪,0
L💩 👎,0
💩,0
📻🤷‍♂️..☕,1
☁♡🌿 cute,2
🐷🗑️🐍  🐷,0
)) дякую💯💪,2
😩 🥺🙏  😭 хочу,2
🤢 😠 🤢 ((,0
🐍???🤦‍♂️,0
⚠ мда⁉,0
🤝  ))) 😂,2
🤡 ❤️ 💕🥰,0
😂)))  💯,2
😠 🤢 😤,0
╰┤╮╮▓━,1
///  📻😶,1
🤡 🫶 😂 💪,0
((😒,0
капець⁉ 🚫 ✖ ‼,0
🤝 !!!11😂,2
^_^🇺🇦ору🥰😂  🇺🇦,2
🫶:) дякую 💯  💕,2
🤬 🤢,0
😠🐷,0
❌ ❌cringe❓,0
👀 ///,1
🤔👀☕,1
💢  🩸мда,0
^_^💪🤝 💪👌,2
мда- 🐍,0
░╮═▓░│╭░┼─,1
👇...💅,1
баг ,1
👏 ))),2
based!!! 🔥,2
🇺🇦^_^👌👏,2
+/- 📺💅📺,1
🎀☀ краса,2
💖🌙 ❀ ❀aesthetic,2
😩 🐷🐷 🤮,0
🤡💩 😤,0
🔥😂❤️,2
💩😤:(,0
👇 ///👇,1
шок⁉⁉,0
‼⚠ ⛔ ❗мда,0
🤡 😂 🫶  💯,0
імба  :)  👏,2
--- L🐷😤,0
👎 😡🤡,0
─╯┤├╮╯├,1
📺☕😶 ///,1
😤 😡🐍,0
🇺🇦💯 🔥!!!11,2
💅+/- 🚶,1
-  🤮,0
😩🥺 🥺,2
😡💩😡,0
❓ жах❓,0
🤔 🚶 👇,1
😭 😭 🥺 need,2
😭🙏🥺🙏,2
топ 🔫 🩸 🔪,0
⛔ ⁉ ❓✖ капець,0
🥺🥺 🙏,2
📌 🤔  🤷‍♂️,1
👍!!!,2
/ 🤖 🚶🤷‍♂️,1
🥺 🥺🥺,2
🫶))👌  🔥,2
😡 🤮-_-,0
💅😶☕,1
🤷‍♂️ 📺...,1
🤡 😍 🤝🥰😂,0
👍💯 ^_^🫶,2
😠 ??? 🤦‍♂️ 🗑️,0
🔫 💢 побачимо  🔫,0
👏👏^_^,2
🐍?!?!  🤡,0
🤡 мда,0
💅📻👇🤔..,1
мда☠,0
🌸⭐♡  🌸,2
🙏😭 🥺🙏,2
👎🤮((( 🤢 👎,0
🤡 🤝💯👍,0
├┼═,1
based 🤝💯  💪 🥰,2
😂,2
╰║├,1
✿ ✿,2
💖🎶 ♥🌙 ☀,2
☠💉 топ,0
🚬 💊 💢 ок,0
👌👌👌  !!!11👏,2
👎(((,0
💢побачимо🔫,0
!!!🇺🇦👏 🫶,2
🔥 ^_^🥰,2
🔫🚬 мда  💣,0
♥♡ ✿ ✨ вау,2
💅👀~📻,1
🤷‍♂️ ... 📻,1
╭├╯,1
🥰  😍 ++,2
🙏 😩 дайте,2
:)❤️,2
╯┬╰▒╭▓░,1
😍🥰🎉!!! based,2
/  🤖,1
❤️  👍!!!11,2
📺📌 👇+/-🤔,1
🚶 📺...👀📻,1
🎉 🤝!!!🫶,2
🤮 😒 💩???,0
╭╰─,1
─┬╭,1
🎉:),2
🔪 ну давай 💢,0
🌿✿☀,2
🤝 🥰^_^🫶 💪,2
🌙 ♥☀ ⭐ 🌿aesthetic,2
😂🔥 👍🥰,2
^_^👏 based,2
😒🗑️ 🗑️,0
мда 💊 💢,0
🫶 ^_^💕,2
👀 ☕🤔  ...📻,1
💉ну давай  🔫🚬,0
🤮 🐷,0
...☕📻,1
🌙🌿🎀✿✿ aesthetic,2
💊 ок ☠,0
🇺🇦 💪👏,2
☠ну давай,0
🤖  ☕ 🤖,1
😒-_-💩 😠,0
🚶 /,1
╰╰┼╯▒█,1
❀🎀,2
ок🔪 💊☠,0
💅😶/,1
💯🎉 🤝🤝,2
├┬█,1
├┤┴─│░░├,1
топ🚬💊,0
💖✿ 🌸✿,2
🎉 топ !!!,2
❤️  🥰,2
♡🌿 ☁  ♡aesthetic,2
🇺🇦 💯 W😍,2
😒-_-🤡 дно,0
🎶  🎀🎶 💖cute,2
❀ 🎀aesthetic,2
😡 😠 💩 ?!?! 💩,0
█╭━╭,1
🤮 🗑️(((bruh  🤮,0
🐍 🤡 🤢 -🤢,0
─╮╭┬,1
🥺 🙏  🥺🥺,2
😡-🗑️,0
+/-🚶,1
💣ок,0
😭🥺  🙏 😭need,2
╭│█││,1
)) 😂,2
🤡 😍 💯 👏👍,0
... 😶🚶😶,1
побачимо☠,0
♥ ✨ топ,2
🗑️мда 💩🗑️ !!?? 💩,0
🤮💩🤦‍♂️!!??🐷,0
🤖 🤖📌🤔  ...,1
💢💢побачимо,0
🎉:)👌,2
🙏 😩  😭🥺дайте,2
📺  👇 🤖/,1
😍 ))),2
🤷‍♂️📺  ..,1
🤖📻,1
🎶 🎀  🌿 🎶✿,2
😡 🤦‍♂️:(,0
✨  🌸  💖,2
жах((😩,0
💪імба💪 💯❤️,2
║░┤┤,1
☕ 🤔...,1
┤▒┴,1
🤡 🤡---🤢,0
🤡 👏 💪💯,0
🤡 🫶👌 😍,0
🤷‍♂️+/- 🚶 🤔,1
👏👏++,2
╰┴▒╮├═╭╭,1
▓╮░│╮,1
🎶 ⭐  🎶♡💖,2
🎶 ✿💖 💖,2
🥰💯 🥰  красава 🇺🇦+,2
🚶 💅 +/-📌👀,1
┼┼━┼║,1
🙏🥺,2
ну давай 💢☠💊,0
👀🚶💅,1
ну давай 💢 💣☠,0
🤦‍♂️🗑️ 😒💩,0
🇺🇦🇺🇦+,2
😩😩 🙏😩 дайте,2
👏😂👏 💕,2
🤢,0
💕 💯 😂🎉,2
🤡-_-🤦‍♂️,0
+🥰🤝 W,2
❗ bruh✖  ❓‼,0
🩸 🔫💣мда,0
-_- 🤡шок,0
🔪  🔪☠топ,0
📻 /// 👇 😶,1
😠🤡🤡,0
++🇺🇦,2
+🎉👏,2
+/- 📺📺📻,1
топ  😍 👏,2
🇺🇦  👏💯,2
---😠  😩 жах,0
✖✖❌мда,0
📌 💅+/- ☕,1
😡  🐷дно,0
))💯💕 😍💯,2
💣побачимо,0
┼━╯║═╰┼┤├,1
🇺🇦  🥰❤️😂,2
😩 🥺  🥺 🙏будь ласка,2
💊ок 🔫,0
💕 🇺🇦🥰👌,2
W +💪💯 🥰 🔥,2
😒:(,0
😍^_^ 👌 👌 👏,2
❀⭐ 🌙 🌸 ♥,2
ну давай🔫☠,0
┼█╯░┤,1
😭🙏😩  дайте,2
♡ 🎶✿♥,2
ору💪,2
мда 🔪  🔪  💢,0
- 🤦‍♂️,0
😡 🤦‍♂️-  👎 🤢,0
!!!11❤️,2
💅📌 ///,1
🌿 ✿ cute,2
+ 👏 🤝 🔥  ору  👍,2
🥺🙏 дайте,2
❀ ⭐ 🌸 ❀  💖,2
💖🎀  вау,2
😂💪 🎉,2
‼L ✖,0
💖🎀 ⭐🌸💖 aesthetic,2
💣 ну давай 💊,0
┴├┴─▒╮╮═░┼,1
‼  кринж ✖  ✖,0
😩😩,2
❤️ :)🫶,2
💕:) 💯 😍👌,2
💯  !!! 💪👌ору,2
🤮🤡,0
🤡 😍🤝💪👏,0
///📻 ☕  👇👀,1
☁ 💖cute,2
😩 😩🥺будь ласка,2
😂++😂👍 👌,2
👇  🚶 👀📻,1
))) топ👌💯  🤝,2
🤬 💩👎,0
🤬🐷 🤬дно !!??,0
++💯  😍 👍,2
🗑️😒дно((🤡  😡,0
💕^_^,2
💉🔪  побачимо,0
🚫❌⁉❗кринж,0
✖ ❓шок ✖,0
💉 🔫ок💣,0
~🤷‍♂️,1
🤷‍♂️ .. 📻,1
🎀  🎶 🌿 🎶 💖,2
ну давай 🔫💣,0
👌🥰!!!,2
🤡(( 😠,0
мда 💣,0
красава👏 💯!!! 💕 👌,2
+💕👌😍,2
📺💅,1
🤖 📻  ..📻,1
треш🤮👎,0
💖🌙🎶✨ aesthetic,2
~ 😶🤷‍♂️👀,1
♥ ☀❀топ,2
🌸❀⭐ 💖cute,2
🤝🥰🥰🤝,2
😩🤬 ?? 👎,0
😭 🙏🙏  😩,2
🤡 ❤️ 😂,0
🔥 😂👍,2
)))🫶,2
???🗑️,0
🤡 ❤️🔥,0
🤝 🥰🔥^_^,2
/ ☕🤔 😶☕,1
🎶🌸 ♥ ⭐cute,2
💅🤖 /🤔,1
🔥 🎉 +,2
шок 🐷,0
♥❀☀aesthetic,2
🤡💩 ??,0
🥺🙏🥺 😭  хочу,2
??? 😒  🤡 мда,0
cringe -_-🤮,0
💅 👇///,1
🤔 📻📻🤷‍♂️,1
!!?? 🤦‍♂️  🐷 🐷,0
☀  💖вау,2
😂!!!11,2
))ору 🫶,2
🐷 (( 🗑️ 💩 🐷,0
💯 !!!11,2
мда💣 💢,0
топ🔫 💣,0
❤️!!!11👏🥰 🤝,2
║╰━║─║║,1
🐷 мда 😠((,0
🌙 ⭐❀ 💖 🌿,2
💢 мда☠,0
📺🤷‍♂️  /,1
дякую 👌❤️,2
🤡 🤝 💯 👌  👌,0
?!?! 😠😠😒 🗑️жах,0
‼ ❓дно ⛔,0
█│█├╮▓━▓╭,1
🤖📺☕,1
😍👏👌+,2
├═╰╯█,1
🐷  ?!?! 🤬,0
✿ ☁🌿 ❀☁ cute,2
:) 🔥  🎉👍 👏,2
🐷 !!??  🤡 🐷L🤦‍♂️,0
🎉🎉)) 👌,2
+👏 🥰🔥🎉,2
🗑️🤢🐍,0
💯 !!!💯 😂,2
❌‼шок ❌❓,0
!!!❤️🥰  👍дякую,2
😠(((😠  🤢 💩,0
🙏 😭🙏need,2
👏))) 🥰 🤝👍,2
🤷‍♂️ 🤖💅💅,1
L  😤😩😠,0
👇 ..,1
🤢 (((,0
красава🎉)),2
cringe 😤🤬,0
треш😤 ((,0
🥺  🥺😩😩  будь ласка,2
☠ ок,0
🤔📻 ..📺👀,1
+ 👌🫶,2
побачимо 🔪 💣  🔫,0
╯┤╭═━╭█║┬,1
🥺  😭😭,2
😠 🤮cringe ---😠 🐷,0
🎉 !!! 🔥😍 😂 based,2
╭├─┬═╰╰│▓━,1
+🥰👏 🫶,2
╯╭━┴━▓╭,1
!!!11імба  👍,2
(((🤬 bruh,0
🙏🙏 будь ласка,2
🔥  ❤️ 🫶!!!11,2
🌸 🎶🎀🌙  краса,2
💉  ок 💣,0
╯┬━▒█▒│,1
📌..,1
💅💅///,1
🚬 топ 💉,0
😂топ,2
)) 👏🤝 база,2
👀👀 💅 👇 ...,1
😭  🙏😭😩дайте,2
🐷 ---😠,0
💯ору😍,2
🤦‍♂️ 🐷,0
!!??жах 🗑️😒🐷,0
^_^  👌 💯 🔥,2
🐍-,0
═┴╭┴╰┴├░╭▓,1
⚠ ❗  кринж,0
🤮 🤢🗑️ :(,0
!!!11💕 🔥,2
🔫💣 💉  побачимо,0
топ 💣 💢🔪,0
☕~  👀 🤖📌,1
🤢 ??💩😒 😤,0
🫶++ 👍 🥰,2
🚫L  ⚠,0
🫶))),2
👎 --- 😒 😒🐷,0
😤😤 🐍-_-😒,0
😠 👎 :( 🤮,0
─╰░─╯,1
🩸 🔪 побачимо,0
📌 🤖 👇  /// 📻,1
☠ топ 🚬,0
❤️🎉😂 )))🤝,2
✿  🎀☀ ✿,2
⛔ ⁉L,0
🇺🇦:) ❤️👏,2
┴┼╯╰╭▓═▒▓░,1
📻 📌/😶👇,1
cringe🤦‍♂️ -,0
┼▒╰╭┬═│║━,1
👌  🔥 💯🔥,2
👍🫶 👏 !!!11 🔥,2
😠 🤢  😠 кринж?!?!,0
👌 😂^_^🇺🇦 💕,2
╯┴█━,1
⚠ треш  ‼‼,0
???🤦‍♂️🐍 🤬,0
треш🐷 🤮🤡 -_-,0
😍!!!11,2
🤖 ☕~🤖👀,1
🥺🙏😩 🙏need,2
🤔 📻 🚶📺,1
😒???,0
😩 🙏 😩,2
░─║─│┬─,1
♡ ☀ aesthetic,2
👀 +/- 💅🤔📻,1
😶💅~ ☕,1
😡?!?!,0
cringe (( 🐷🤬 🤡💩,0
🔥  😍 🥰 W,2
👌)) 😂👍 🥰,2
😩шок,0
🤖🚶 📻 ~👀,1
🤬 🐷 !!??,0
🐍 -,0
💊побачимо 💢,0
📺/🤖 🤔,1
🤡 💯 😍,0
🤔🤔🚶 🤔,1
🇺🇦)),2
👏 👍  ))💕 🔥,2
👌  !!!11,2
❓❓ дно,0
☠ну давай 🔪 🔫,0
👇😶+/-,1
🚶👀 😶☕,1
♡☁♥ ⭐,2
база💕!!!💯💕,2
^_^  🫶 👍  ❤️,2
/ 📻 📺,1
👏!!! 👌🫶,2
🤡 🔥👍,0
!!?? 😡 😒,0
🐷 ??,0
:) 🇺🇦імба  😍 💯😍,2
💪 ++W🎉,2
🤝 👍👏,2
🤷‍♂️ ☕👀 ..🤷‍♂️,1
🤡 🫶🤝🫶 💪,0
---  😩🤡  😩,0
🔪  ну давай,0
🥺😩😩  need,2
/👇🤔 👇,1
/🤷‍♂️👇,1
??? 😡,0
W 💪))💪,2
█═┬╯╰═╭┬,1
👀👇...,1
🙏😭😩,2
👌,2
)) топ💪 😂,2
┤╰▒▒,1
❀✨🎀☀✿,2
┬░║╯║┬━,1
📺  🤷‍♂️,1
🇺🇦  👍 ору 💕,2
🐍 😒💩,0
мда🚬,0
🚶💅.. 👀,1
😤 🤮 🐍,0
ну давай 💉💉  💢,0
😩 😭 🥺 😭need,2
:( cringe😒,0
🫶💪😍  👌,2
жах ‼ ⛔,0
🙏 🙏 🙏 😩  need,2
🤔...,1
L ⁉  🚫✖,0
-_-🤬👎,0
═╮╮╰░╭,1
🩸🔪ок 🩸,0
🥺🥺  😭😩need,2
😭  🙏 😩🙏,2
║││══,1
👍))),2
😩😩 😭😭будь ласка,2
😍 😂 )),2
... 📻🤷‍♂️,1
🤡 😍👍  🤝👌,0
📌 ..😶,1
📺 🤔~,1
🫶!!!11,2
---👎,0
топ  🩸,0
█─╭░╰╯╰▒═,1
♡❀🎀 ✿ 💖вау,2
🗑️ ???,0
😶  📺,1
💯  👌💕+👌,2
🚬 побачимо 🚬,0
шок ❗  ✖,0
🚶 📌 📻 👀,1
капець ⁉‼ ⁉,0
─││╯├├═,1
👀 🚶,1
💪👍  :)👍 🇺🇦,2
✖ ❓✖шок ❗,0
💖♥ ❀🌿,2
:(  😠,0
🌸♡☀☀,2
━▒═┬├╭│╭,1
🎉🫶 імба🥰+ 💪,2
/☕👇,1
😡  ??😡 🗑️,0
🙏 😭 😩хочу,2
😭🥺🙏  😭дайте,2
☁✿,2
)))🔥🎉,2
┤▓┤║░━╰,1
✨ 🌙❀ cute,2
🌙 ✿☁ 🌸,2
🥰 ору)))🫶💪 💯,2
✖ ✖мда  ❗⛔,0
🗑️😤😩😡 ?!?!,0
🥰😍 ))),2
🔥👌 !!!🫶,2
🤷‍♂️ 📌  📻  ~,1
😭😩 🥺😩  будь ласка,2
🤡  💩 🗑️?!?! 👎,0
⭐🌸✿  🎶 ☀ aesthetic,2
🤦‍♂️ 🤢😤🤮((,0
🥺😩🙏🥺хочу,2
🤡 ---🐷  💩,0
😩🥺🥺 дайте,2
побачимо ☠💣  🔪,0
😠 🤬 🤢cringe,0
✨🎶☁,2
🙏 🥺хочу,2
😭 🥺 хочу,2
💉 🩸 побачимо,0
💢 топ  💊,0
топ🤝🤝,2
🙏 😩😩,2
╯═┬,1
..🤔 🤔🚶,1
┼▓█─,1
👀.. 🤔 📺,1
┤██░│,1
💢🩸 побачимо,0
❗  ⁉кринж,0
😍👍 🔥,2
╮╭▒╮┼,1
🫶 🫶 ^_^,2
📺 ~,1
👍🤝 💯,2
│░┼┼──║━,1
😩 🙏  🥺🙏,2
жах  😩😠,0
🔪💣 ☠ ну давай,0
┬╭═┤┬│║╭,1
.. 👇,1
топ🔪💢💣,0
🗑️ мда😒😩,0
🤡 ❤️ 🔥 👍,0
☕💅👀,1
📻 /// 📻  🤔 🚶,1
✨☁♡🌙  🌿 вау,2
ору 🔥 👍,2
шок 🤦‍♂️  🐷🤦‍♂️,0
🚶 ... 📌,1
🇺🇦  🤝💪!!!,2
‼ ❗L‼,0
🫶👌based ❤️ 🇺🇦,2
!!?? 🐷,0
🐍-_-,0
🗑️ 😡???😠,0
😩😭🥺хочу,2
💖🌿✨ cute,2
)))  💕👍🫶super,2
🤡 L 🤦‍♂️👎((🐍,0
🤡 🇺🇦😍,0
🤡 🎉💕,0
😍 !!!🎉,2
🔥красава,2
🤷‍♂️🤔/,1
🔪🔫мда,0
☕ +/-📺🤖😶,1
!!??😡  😠💩,0
🤝 ^_^💕,2
❓⚠капець,0
🤢🤢  😩(((,0
- 👎,0
🌸🎶🌙 ✿ вау,2
🤔👀 👀👇...,1
😩🙏будь ласка,2
💕 💕,2
╰║━║║│,1
ну давай ☠,0
═━┼├╮━╮,1
💉ну давай ☠,0
///  🤖☕📺,1
треш👎(((,0
👀 ☕💅..,1
👀👀 / 💅 ☕,1
😩,0
👎???,0
🤷‍♂️///💅 🤷‍♂️👇,1
🤷‍♂️😶 📺 +/-👀,1
ору 😍 !!!11,2
✖ ‼  шок,0
🎶⭐🌸 🎶,2
┴│┴┤╰█├,1
🤡 😍  💪,0
❓⚠ ⚠треш,0
├╰━┤,1
-😤,0
💕🎉👌 👏 !!!,2
🥺🥺😩😩,2
😠 😡L !!??,0
🚬 💣💣 ну давай,0
═│║█│,1
💕👌 🎉 ++,2
🤡 🫶 😂,0
🤢 капець🤮😡🤡,0
😩 👎 🐍 👎,0
🤡 🥰👍 💪 ❤️,0
☀🌙⭐☁🎶краса,2
💯 🤝  ++,2
💢 🔫🔪 побачимо,0
ну давай🔫 💊,0
---🤢🗑️,0
👀👀 ///,1
😩---треш 💩 👎,0
🤡 🥰 👍👏 👍,0
🔪 топ💉,0
💯!!!11,2
bruh  ✖❗,0
😩cringe💩-_-,0
🌙✨  🌿,2
╭╭─▓─╮┼,1
побачимо 🔫,0
╰▓▓╭┤,1
┴├┼╯░═┴╰,1
😩  😭  🥺будь ласка,2
мда ⁉🚫  ✖,0
👀📺👇+/-,1
)))🇺🇦😂,2
🎶⭐☁топ,2
░╯╰╭│║┤╭▓▒,1
🗑️L🤮  🐍 😤 -_-,0
🥰  😍🥰 ))),2
))) 🔥 імба,2
??💩,0
━├╯,1
🌙🌿🎶☁  топ,2
🥺 🥺 хочу,2
🌙💖 🌿,2
капець-🤮,0
👍 )) 😍 🤝,2
!!! 👍 super,2
━─═╭─╯┤▓,1
✿  ❀ ♡☀,2
🔥❤️ ))),2
😠💩 ?!?!🤦‍♂️,0
🤝🎉,2
💅/ 😶 ☕,1
💩- 👎 👎  😩,0
...☕🚶 👇,1
❌ ⚠❗жах,0
based👍❤️ 💪,2
💢  🩸ок,0
░┼┤,1
😂 ^_^ 👏,2
😩мда  😩🐷,0
😠 👎  😡💩 жах ?!?!,0
👌❤️ !!!11 🫶,2
💩🤦‍♂️👎 💩,0
💢 ну давай,0
🚬побачимо 💣,0
🔥❤️:) лол,2
🥺😭 хочу,2
┴┬┤╮▒━┼═╯,1
❀ ☀🎶 cute,2
🙏😩 😩🙏 хочу,2
🔫ок🔪,0
💊  побачимо🩸💢,0
┤─▓╮,1
╰━▓┬╭,1
█░├╭░┴,1
💉  топ🔫  💊,0
🤡 👏🔥,0
😡---💩🗑️😒,0
🩸топ💢☠,0
ок 🚬🔪,0
☁❀краса,2
😒 🗑️ 😡🤢,0
☠топ 💣,0
👀 📌🤔,1
🔫 топ,0
█┬─,1
💉  💊топ,0
👌 💯  👌😍,2
побачимо🩸,0
📌/// ☕,1
😤😤  ??🐷 треш,0
📺  📺 +/- 📻,1
║──▓,1
!!!11 💕 🥰 😍,2
📌 ///📻 📺,1
😂++,2
╰─━├╯▓█─╮░,1
💯 ++ 👌 💕,2
based)))🎉  👏,2
☕ ☕ 🤔🤖 ..,1
░░─═,1
🩸🔫💢 топ,0
🐷!!??,0
🚶📻 🚶 🤷‍♂️ +/-,1
🐷 🤮:(,0
🎉 🔥👏,2
☕ 😶 💅,1
❤️ super 👌 !!!11,2
🤔 👇///,1
((🤦‍♂️ 🐍,0
😩  😩 🙏,2
🤡 🎉 👏❤️,0
💣 мда💉,0
🚶 +/-💅🤖,1
мда🩸💊 ☠,0
👎🤢дно!!?? 🤢,0
♡❀ ♡,2
┤┤─,1
😭 😩 🙏  😭need,2
🙏😭 🥺 😩,2
^_^  👏😍🔥,2
...📻 👀,1
💪^_^🔥 👍,2
🤦‍♂️  😤мда😠😩,0
🤬🤦‍♂️ 🗑️🐷  (((,0
🤖 📻 📌 /,1
🙏 🙏,2
👍 🤝,2
треш⁉❗,0
📻 ///,1
😤 😒 :(,0
😩🤬 💩:( 🐷,0
🤡🤮-_-💩🤡,0
((🤮 кринж🤬 🤮🤡,0
🤔😶 💅.. 🚶,1
┴╭╮╯╯╯┴█├,1
🔫ок,0
🤡 🤝🎉,0
🤢  🐷🤮кринж😒,0
🔥❤️ :),2
😩🥺  need,2
░├╭╭╭━├║█░,1
🫶 ору🫶 💪,2
🤡 👍 🥰,0
😒 🤬???💩,0
😩 😩 🙏😭,2
👀📌 😶 ..,1
побачимо 💣🩸  💢,0
😶👇  📻,1
😒  😠 🤬😤 :(капець,0
/// 📌🤔,1
bruh 💩 💩  😡,0
🙏 😭 хочу,2
!!!💯W💯❤️💕,2
🇺🇦 💯 🎉 🇺🇦,2
👀📺🚶,1
))😍 👍,2
🐷--- 😒🤡,0
╰━▒▓╮║,1
🌸♥вау,2
♥ 💖🎀,2
❀ 🌙 🎀,2
👌 дякую  ++,2
☀ ❀,2
😍🎉!!!11 🥰ору👍,2
🇺🇦🤝🔥🥰,2
🤡 👏 👏,0
☠🔪 ну давай,0
😭 🙏 😩😭 need,2
🤖📌  ☕ 📺...,1
🥺😭😭,2
🤡 🇺🇦👍,0
😠 😠 💩 🤦‍♂️,0
🐷-_-,0
││╮▓,1
❀ ☀ 🌿 aesthetic,2
:) 😍😂  🤝імба🔥,2
👌💕топ  !!!11,2
🌸 ⭐⭐aesthetic,2
☕ 😶 /// 👇 📻,1
😩  🙏🥺😭,2
😍 😂👏,2
🐍😤😒 ?!?!,0
🐍 ???,0
🙏🥺 дайте,2
💖♥⭐ 🌿🎀 cute,2
╭╭╭┼┼,1
💅  ~🤷‍♂️ 👇,1
📌 📺.. 📌,1
╮┬║─══╭▓├,1
🤮(((🤮🤬🤬,0
🤡 ❤️💕  💕🫶,0
━┼┴│▓├,1
///🤖 💅  🚶,1
🤡 🤝  🇺🇦,0
━═━━┤┬╭,1
─┬│├▓─┼╰,1
🤔///📺💅,1
🤡 💕 🫶,0
😭😭дайте,2
┴═╭╯┴▓░┴┴,1
😭 😭🙏,2
🎶♥🎶  ♡✿ вау,2
жах ‼ ❌,0
😡 🤬cringe🗑️🤦‍♂️,0
💖 ✨🌙✿вау,2
🙏😭🥺🥺 хочу,2
🎀 ♡,2
🚬мда  🩸,0
🎀☀ cute,2
💪 👌💯,2
┼╰─┼╰║│║━┼,1
😩😩need,2
))) 🎉 🔥🇺🇦💪красава,2
😭 😩 🥺,2
✿💖 🌿aesthetic,2
:)🫶,2
🫶 😂 ++,2
💯  👌 ^_^,2
😍!!!11🫶,2
💖⭐ 🌿🌸✿,2
💢побачимо💊🔫,0
дно❓ ❓,0
❌ ❌⛔ ✖ дно,0
/☕🤔📌 📌,1
cringe❗❓,0
📻 📻📌👇 ~,1
^_^ 👏,2
... 📻,1
😭😭 😭будь ласка,2
капець⚠❌⛔,0
━║┴━═╯═║,1
♥ 💖aesthetic,2
🥺 😭 🥺 😭,2
😡  🤬🤬  😩,0
☀♥,2
😤 (((😤😩  😩,0
☠ ну давай 💣💉,0
🎀 🌿 ♡ 🌙☁топ,2
-_- 🤡🤡,0
треш 😩🤮,0
😩  🙏🙏,2
:)💪,2
⭐⭐ ☀ ⭐cute,2
😭😭🥺 😩,2
🤝💯💯імба,2
✿ ❀♥ 🌙  💖,2
топ🚬,0
🩸мда🔫  ☠,0
🤡 ❤️ 😍🤝👍,0
/📌💅 💅 😶,1
💩---,0
📺 🤷‍♂️ 👇 ~,1
???🤢 🤮 🤦‍♂️,0
побачимо💢,0
🫶🔥!!! 🎉,2
♥☁,2
🎶 ❀❀,2
✨ 🌿 💖☀♥вау,2
♥ ☀☁☁☀ топ,2
:) 👌 💕,2
L❗ ❌,0
💪  😍🥰 :),2
🤦‍♂️ треш:(😡,0
😭😩🥺,2
!!!11 🫶 🎉🫶 🔥,2
🙏🥺  🥺,2
🤡 💕 🤝  🇺🇦  👌,0
😶📺 📺///,1
побачимо 💉🩸💉,0
база💯,2
═┤╯,1
✖🚫 ❗треш,0
👇👀 /👀,1
█╰┼╮─═,1
👏💕^_^ 😂,2
🤮 🤢кринж 🤬,0
L ⛔❓,0
✖‼мда,0
💩  ?!?!,0
🥺 🙏 😩,2
🗑️---,0
🔫 💊  ок🔫,0
🎀  ❀🎶 вау,2
💕🎉  )))👏,2
🥺 🙏🙏😭need,2
🔪🔫 ну давай,0
🤢😡,0
ору😂 🤝 ❤️💯,2
🌿 🌸 краса,2
👎💩,0
█║━─,1
░├┤┬━┴━,1
🐷  😒 :(🐍  👎,0
🤔+/- 🤖 🤖,1
))) 🎉🤝👌,2
👌 🎉:),2
😤💩 🗑️,0
😒 🐷!!??😡,0
♥💖♥ 🎀 ☁,2
🤡 👏 💕,0
😭  🙏,2
✿🎀  aesthetic,2
😩😩😭😭,2
▓┴━┤║╰═,1
🎶  ♡ ✨,2
║╰║├══,1
👏🤝^_^W😍😍,2
👍 😍,2
👍  ❤️ 👌,2
((( 🤮,0
🔪🩸  💢 ок,0
🎀✿ cute,2
▓┤▓═▓░┼,1
🎶🌿  💖 🌸 🌸,2
👍 дякую🥰👍 :)🇺🇦,2
🤡 👍😍 🔥 🇺🇦,0
😍 ❤️ ++,2
█┤║├━╭╮╭━━,1
☀♡,2
💢☠ побачимо  🔫,0
💯😂❤️,2
😒?!?!,0
🚶📻///📺 🤖,1
✿ 🌙☁,2
🤖💅,1
🤦‍♂️😤 😒,0
♡❀  ♥♥ 🌿 топ,2
дякую 💪 ^_^,2
💪 🎉імба  🇺🇦 :),2
😤 😩 ((( 🤢🤮,0
💢 побачимо,0
🤡 💪  🥰 🤝,0
╯┴├░━║,1
💣 🚬 🔪 ок,0
🤡 🔥😂 👏 🥰,0
-_-  капець🤡 🐍,0
💣  топ,0
🤝👍,2
👍 🎉,2
├╰─╰├═░╰,1
///📌 📺,1
💕🔥+  🇺🇦,2
L❌‼,0
...  💅,1
❌  ✖шок ⁉,0
👇  /// 🚶🤔 ☕,1
█░╰┤┬┤▒,1
‼⚠ ‼ треш,0
👇📌 😶,1
⛔🚫‼ 🚫L,0
🥺 😭😭,2
👌❤️,2
🤡 🤮 😤🤬,0
⁉  ⁉капець❓,0
🤖  🤷‍♂️💅 ☕,1
ок 💣  💊💊,0
🤡 💪  😍 💕 🔥,0
🌸 ♥✨вау,2
❗🚫  кринж❓ ‼,0
😩🙏 дайте,2
🤝 🎉 ^_^ 💪,2
💪😍 🫶💯,2
🤡 🇺🇦  🥰,0
+ 🥰,2
треш 🤬🤮- 💩,0
❌🚫✖ bruh⁉,0
👏  👍🎉,2
🤷‍♂️👀,1
👌 база,2
☠  ну давай,0
💯 👌 +,2
😩😭🙏🥺 дайте,2
---bruh😤,0
🥰🤝  💯super 🎉,2
😭🙏будь ласка,2
💕 🥰,2
😶+/- 📺  📻👀,1
┼╮╮─┴┬╰━,1
💕🇺🇦,2
😩🙏🙏,2
кринж👎,0
├╭▓▒─,1
🎶🎀 🎀вау,2
??? 🤮,0
📺/,1
🐍 😒:(🐍,0
✨ ✨🌸  топ,2
👇 📻...,1
⚠шок⚠⚠ ❓,0
))💪🔥,2
💪 💕 ^_^🥰🎉,2
♥ ☀,2
🥺😩😩,2
┼┴──├,1
лол😍🫶😂,2
💩🐷😩,0
😒 ?!?!,0
🤡 🎉 ❤️,0
┴╮│║,1
♥ ☁,2
♡🌿,2
- 💩😩 🤬  😤,0
💕  ^_^,2
/ ☕😶,1
☠ 💉💉топ,0
🙏😭  need,2
жах ⚠ ⚠ ⁉,0
🙏🙏,2
🌸  ☁ вау,2
/// 😶 😶,1
🤔+/-😶🤖,1
🤔 👇..🚶,1
🤢  😩 🤢👎,0
топ  🚬,0
🤡 👌,0
💕:) ору 💪👍,2
💩 😠,0
🤷‍♂️/// 📌  🤖☕,1
❀ 🎀 🎀☀ cute,2
^_^ 🔥,2
╰╮╯▒┴┼,1
)))  👏 😍 😍,2
🫶 !!!💕,2
🤷‍♂️🤷‍♂️  📌 😶~,1
👏🫶 !!!11 😍,2
🤡 🥰🤝,0
🤦‍♂️ капець 🗑️💩🤦‍♂️??,0
🗑️???,0
🤡 🇺🇦🎉,0
побачимо 🚬🔪,0
🤔 😶📻,1
🥰 🇺🇦  ++💪👌,2
─┴╯,1
🤡 👌👌,0
побачимо 🚬  💣,0
ору!!!11🤝🫶 🔥,2
✿❀🌿💖 🎶,2
┬╯╯╯┤╰,1
═░├├┼,1
🌙✨  🌸❀ ♡,2
🐍 (((шок🤢  😠,0
bruh ✖❌❓,0
▒╭╭│▓╭,1
😩🥺 🙏,2
╰┼━┴╯╰┬─,1
🤷‍♂️  ...,1
┤┤║║,1
┤║╮░█┼▓,1
💩🤬 шок,0
━▒╰█╭═━─,1
капець❓⛔  ⚠,0
+/- 🚶,1
🥺🥺  хочу,2
😂 💕 ++ 🥰,2
!!!11база 🎉 💪 💯,2
топ💊,0
мда🔪,0
☠  побачимо 🔪🚬,0
☠  побачимо,0
📻 +/-,1
мда  🔫,0
👇👀 💅 ///,1
🎉👌,2
👀📌,1
🗑️😩???,0
❀ 🌙,2
:(  🐷,0
😠💩🗑️((,0
🫶  !!!11,2
💣 🔫🚬 ок,0
👏💕ору ++ 😍,2
😍  🎉👍,2
)) 👍,2
🙏 🙏 🙏 🥺  дайте,2
❓ ❗✖ треш🚫,0
!!!11 🔥 🥰,2
║╭┤├╰┬▒┼─,1
💉 побачимо,0
☀ ♥  ✿♡ ☀ aesthetic,2
ок 💉💣,0
🤔😶🤷‍♂️ 🤷‍♂️,1
🩸 ☠ну давай,0
😒😩 --- 😠,0
((( 💩,0
🤦‍♂️ 🤢 кринж 😤,0
😩 😭😭,2
🤡??шок 🤦‍♂️,0
📺🚶 📺,1
💢ок 🚬🔪,0
✿♡,2
💖 🎀топ,2
💊топ,0
╭╭┤╮,1
🎶🎶cute,2
🤖 📌 🤔🤔,1
☕ 📺~👀,1
❗ 🚫треш,0
🇺🇦🔥🤝,2
💊 💢 ну давай,0
✿❀🎶 aesthetic,2
║▒║█┬═┴━├╯,1
😩🙏  🥺 😭будь ласка,2
♥ 💖♥,2
🎉:) 🇺🇦,2
😶+/-,1
🤖👇 +/-,1
╯║┬├━┬╰,1
🤖 ///😶,1
❗ ⛔🚫❓bruh,0
+/- 👀📌💅,1
👎 🗑️😤кринж 🗑️,0
││▓╮┴█═█▓╯,1
💉 🔪топ,0
❌❗дно 🚫🚫,0
╰━═,1
👀👀 ~,1
🥺 🙏 хочу,2
🤔 📺..,1
???мда 😠,0
🎶☁💖🌸,2
:) 👍,2
😤??,0
💯💕 ))  W,2
║├░░┴│,1
☁✨ 🌸 ☁♥,2
🤢 🤦‍♂️🐍,0
💪 +💕,2
:)👏🫶база 🥰,2
😭😭 😩 дайте,2
кринж :( 🤬,0
!!!  💯🎉💯 👍,2
▒┤├,1
🤡 💪❤️👌 😂,0
???😠😡 😠,0
🤡 👏 👏 💯,0
█╭░┤╰═█░╭,1
🤔 📻 +/-🚶☕,1
/ 📻,1
😂 база 😂,2
🤡 ❤️ 🔥  🎉,0
✿🎀 🎀☁,2
🐷🗑️ -_- 😠😡,0
- 💩 кринж 😠👎 🐷,0
😒:(💩🤡,0
🐷💩??,0
🤡 🔥👏,0
bruh🤢 ---,0
дно⁉ ❓⛔✖,0
🤡 😍 🇺🇦 💪,0
😩🥺,2
😡:( 🐍😩😡,0
😭🥺🥺need,2
🤡 💪🥰,0
🐍  🐷 (((,0
🥺🥺😭😭дайте,2
💉💊 ну давай💊,0
???🐷💩😠  😩,0
😶 .. 📌,1
❤️💪,2
🚶 ~,1
💉 💉топ💉,0
♡🌸  ⭐ ✿ ✨ cute,2
♡❀☀ вау,2
▒║╰┬┬─╰┬┼,1
🥺🥺🥺,2
💉 топ,0
💊 мда🚬,0
ну давай 💣 🔫,0
┼├├║║─┴┬,1
☕😶👇 ///🤷‍♂️,1
╯┬┴╮█━,1
((😠  🤮,0
🐍  ((( 🤢🤡,0
))  топ 🎉,2
🌿✿🌿  краса,2
🤢😩🤬  ??,0
🌿✨ ✨aesthetic,2
📻👇📌📺 ~,1
😂 💪🔥  імба 🫶 !!!11,2
📺📺📌,1
🤡 🥰🤝 🫶,0
👏based  ^_^,2
═╭┬╯│║┴█▓┴,1
😶🤔😶,1
╭│╮┴┬░─┼,1
🤔💅🤔,1
✿🌙💖⭐,2
🤬  ---🐷  😠  🤢,0
✿♡ топ,2
🩸 мда,0
😡😩 ((( 😤😒,0
📺 📌😶 🤔,1
++😍топ 💯,2
-_-🤦‍♂️🤮,0
💅 👇 🤷‍♂️/,1
🤮 ?!?! 🐷 😤,0
😭 😩🙏хочу,2
💉  🩸 побачимо,0
~ 📺 ☕,1
♥♡ 💖 ♡💖,2
💊🔫 ок🚬,0
🥺  😭хочу,2
🔥 👌 💕++ 😂,2
❤️🔥++ 🫶,2
👌💯🇺🇦👌 !!!,2
❀  🎀🌙 ❀♥,2
🤦‍♂️🤦‍♂️ -кринж💩,0
~ 🚶  👀,1
😤 😒 😠 🤬:(,0
)))дякую🔥 🔥🫶,2
✿🌿,2
🤮🐍 🤡🤢,0
💪🤝🥰 based  🎉,2
👏,2
🤡 💕 🔥🎉💪,0
імба💯 😂 👏,2
😶😶  📺📻,1
🤡 💕 💕😍,0
🐷😤 шок ((( 🐷,0
☁ ☀ ♡✿ 💖вау,2
❤️ 🤝 +🫶🫶,2
🤦‍♂️ 😡 🗑️ 😡 ?!?!,0
🔪 💉 🩸ок,0
😤 треш 🤮 🐷,0
⁉❌L✖,0
🤝 👍  🥰,2
█╯├,1
├╮━┼║,1
🎀🎶💖🌿  💖вау,2
🤡 ❤️🎉 👏,0
...🤔 🤷‍♂️ 💅  📻,1
🤔 📺 +/- 🚶📻,1
///🤔😶,1
топ🔫 💊,0
---🐷🗑️,0
▒▒░├║▒,1
🚬ну давай  🔪,0
🙏🥺🙏,2
┤━┴┬╮,1
///  ☕🤖 ☕📺,1
📺 🤖~🤷‍♂️,1
лол)) 🎉🇺🇦,2
📌📻///📌,1
🤡 ❤️ 🎉💪,0
🫶🇺🇦ору!!!11💪💯,2
😩🙏 😭need,2
☁☀🎀,2
-_-🤬 🤢,0
:(  cringe 🐍,0
┴─╮▒▓╮░▓,1
))) 😂,2
^_^👌 💪 🔥👍,2
┤┴─║║█┴,1
┼─▒┤━▓,1
⭐💖  ❀ ⭐,2
:)  ❤️  💪🫶 🎉,2
├│░,1
⁉⚠cringe❗,0
💢побачимо,0
█╮├╰│┴╭╮┬,1
💅  👇+/-,1
🤡 😠 🤮 😡,0
ок💉  🚬☠,0
🤦‍♂️ 😡 🤢,0
📺🚶~📺,1
☠ мда,0
‼⚠ ✖треш ❌,0
█╮┤═╰┼═,1
🩸 мда ☠ ☠,0
🎉  👌🥰))) 🥰,2
✿✿,2
😭 😭 😩,2
💩 😤 ((,0
💪 !!! 💕based,2
🎉 🎉 🥰))) 💪,2
🤷‍♂️  👇 📌 ☕ ...,1
топ 🩸🩸,0
☠🔫ну давай,0
📺💅👀/,1
🚶💅📺 /,1
🔥  🎉  🎉 ))),2
🥺 😩,2
💪  💕  !!!11,2
📌📻 ..🤷‍♂️,1
❀ ♡ 🌙 🌿cute,2
💕💯,2
ок  ☠,0
💕!!!11 😍  💪  🤝 лол,2
📺..,1
✖ ❌❗шок,0
😤 -_-🐷💩🤮L,0
╰┤░┼░,1
▒┬╭┤░╰┤╯,1
super🎉🇺🇦😂 💯,2
🙏 🙏 😭,2
💕 👌++,2
+/-🤖 👀,1
░╯│┤┴┬░,1
☁💖 ☀,2
│═╯├╮╭─╰│,1
🤡 🎉  💪 💪,0
☠ побачимо🔫,0
🔪 ну давай 🔫 🔪,0
...📻 😶 🤖,1
📌/// 👇📻🤷‍♂️,1
😶😶,1
🤡 🥰 🤝❤️,0
😤 😒🤦‍♂️,0
💉💉побачимо,0
🤡 🤡😩 🤮,0
🔫 ну давай🚬,0
😭 🙏need,2
based 💯  ^_^🤝🫶,2
🤖+/-🚶,1
📌 🤷‍♂️ 📻 +/-,1
🥺😭 😩,2
╯┼░━│┴━,1
🤮 💩 😡 ?? cringe,0
📺 🤖,1
⁉треш❓,0
🔥^_^,2
💊ну давай💣,0
🐍😠:(🤦‍♂️,0
)))🤝,2
💅 🚶,1
😩  🙏,2
🎉+ 💪💕,2
🩸  мда💢 💉,0
🙏 🥺need,2
🥺😭🥺🥺,2
^_^ 💪💯,2
💣💣ну давай🩸,0
📌 ~ 🚶📻👇,1
))) 🎉👌 👌,2
😭 😩😩 дайте,2
😡 -,0
🐍😤,0
💕 🔥 !!!11🫶  🇺🇦 лол,2
шок---🤮,0
█│╮╮║,1
🚬 💢 ок🔫,0
⛔⛔⁉ дно,0
😤😒,0
💯🇺🇦 🇺🇦,2
🤡 🤝 🎉💕,0
.. 👇 📌📻,1
??  треш 🤡,0
⛔❗❌❗L,0
❗треш⁉,0
)))🎉💯,2
✖ ⁉ дно❓,0
мда💢 🩸,0
┴┬═║╭,1
-_- 🤬 😒,0
🤮😒!!??cringe  🗑️ 😩,0
😩 😭 😭🙏,2
😒😠 :(  😡,0
💉🩸 побачимо,0
ок💊 💢,0
✨✿ ☁🎀 топ,2
🤡 💕 🥰,0
🤖😶 ...,1
▒━─╰,1
═┤╰▒─╰╯┤╰,1
✨ ☁ ✨,2
👌 🫶 дякую🇺🇦,2
💣 мда 💢,0
🔫 ну давай 🩸,0
🫶  :)дякую,2
💯 :),2
☕📻 📌,1
░║╭╯═███,1
🎉 імба+,2
))🇺🇦,2
❤️💪!!!11🇺🇦,2
🐍🤮,0
🤔  +/-,1
⭐🎀 ☀ ☀☁топ,2
///🤷‍♂️,1
🙏😭😭😭дайте,2
🌙 🌿✿  cute,2
🎉 +🤝 😍,2
))) 😍🔥🤝,2
🔫ну давай☠,0
💕 :)👌,2
😶 😶/// 👇,1
дно ⁉ ✖🚫,0
├║║╮,1
?!?!😩😒,0
💯 💪,2
💊побачимо💢 🩸,0
💉ок,0
😩(( 🐍,0
🤬 🤦‍♂️ 🤦‍♂️🤡,0
~ 🚶,1
🤡🐷 мда,0
кринж  😤 ???😠,0
╰░╰┬━,1
👏 ^_^,2
💩(( 🤢,0
☁ 🎀🌸⭐⭐краса,2
💉  🔫 мда,0
😭  😭🥺 🙏,2
├║╰│┼╮╯╮║├,1
))😂,2
😠 ??😒 😩,0
📺😶,1
🙏 😭😭 будь ласка,2
💕😂 🇺🇦,2
👏 🎉)),2
лол🇺🇦 ^_^,2
🤬 ?!?! 🐷,0
💅/ 📌📺,1
:) 🔥 🤝👌💕,2
🇺🇦😍 👌 👌,2
👍  !!!,2
╭├║─┬┬┴▒╮░,1
🌸🌙 🌸 aesthetic,2
топ 💪,2
кринж ❌🚫,0
-🤬 🤦‍♂️,0
☀✨✿ 🌸 🌿краса,2
🚫⁉❌дно❌,0
🐍🤬 💩 ((,0
🤡 😍 👌,0
👌:)❤️,2
💯 🤝  🇺🇦 👍,2
🥺 😩😭 😩хочу,2
║╰╯▒░┼,1
😩🥺😩,2
⚠🚫 капець ‼,0
🤡 👌🔥❤️,0
based+ 🤝,2
🚫 ⛔ ⁉bruh⛔,0
🚬 🚬 🔫  ну давай,0
😂👌 !!!11,2
🐍,0
😠 🤢 треш,0
☕~,1
✨🌸☁,2
🇺🇦 😂,2
🤖🤖...📌,1
~👀🤖🚶  😶,1
☕📺 ~,1
💢 💊топ💢,0
🤷‍♂️+/-  🤷‍♂️📌,1
═┼─▒╯██,1
🐍(( 👎  🐍🤡,0
🥰👌  ))),2
топ 💣☠🩸,0
🤷‍♂️  📌 /// 😶,1
👍красава 🥰))👌,2
🔪 🔫 🔫 ну давай,0
😡🐷🤬,0
🤖///,1
🙏 🙏 🙏  😭дайте,2
🔫 🩸 ну давай,0
💊топ💢,0
▓░┼┴═┤,1
♥🌿🎶⭐🎀вау,2
👍  🎉👍,2
🙏 🥺🙏 будь ласка,2
❤️❤️ !!!💯,2
💩😤??  🐷,0
😠🐍?!?!,0
╰█━┼╰,1
мда🚫🚫,0
🥺😩дайте,2
📻📌🤔+/-💅,1
///🤔 😶,1
👎 😡 😒?!?! 😤,0
😶 ...😶 📻 ☕,1
😩🙏 😭 🥺,2
💊🚬ок,0
🤝++,2
┼┼░╯╰╯├,1
😤🤬 🤢 😒,0
💉 мда  🚬,0
┴═╯═┴,1
👀 🤔☕ 👇,1
🥺 😩  😭дайте,2
🥰 💯 ❤️:),2
👏 🫶!!!based💕,2
♥ ♡ 💖 вау,2
капець?? 🤮  🤦‍♂️😒,0
😒🤡 -_-😡,0
━▒▒▓,1
├╯╰▒═┤┬━┤,1
///👇 🤷‍♂️,1
!!!11  😂  💯❤️,2
жах❗  🚫,0
🤡 🇺🇦🥰 👏😍,0
~  📌,1
┤┴┬─╭░│╮,1
😡(((🐷,0
^_^🤝,2
│▒▒┤▒├╯,1
🤡 💯👍  👏,0
!!!11💕,2
🤡 😍🤝💪 💯,0
😠  ---😩 😒,0
ну давай☠🩸 💢,0
❓ треш✖,0
побачимо🚬🔪,0
😭 😩😭,2
🤔 ~ 💅🤖,1
🌸✿ топ,2
шок⁉ ⁉ ⛔‼,0
🤦‍♂️🗑️ 🐍,0
-_- cringe🤮 💩🗑️,0
😒😩(((🤮,0
?!?! 👎,0
─┴╯│─█┤╰╰┤,1
.. ☕📌📌☕,1
🚶 🤔 ☕,1
│╯▒,1
✨ ♥🎶топ,2
║┤╭┤▒,1
🔪💣топ🔫,0
💣ну давай🚬,0
🫶 🔥 ++,2
😒 🐍 😩  :(,0
!!!11🫶,2
🙏 😩🥺,2
😩🥺😭  😭need,2
☀ ☁ cute,2
🤡 🤝,0
👀  /// 🤖 ☕ 🤔,1
+🥰🎉 👏,2
🤷‍♂️👇 🤔,1
📻..,1
💕  👌 👌ору,2
‼ bruh ⁉,0
▒━┤┼░▒║░╯,1
дякую :) 🥰👍 🥰,2
💩капець,0
🤦‍♂️(((,0
:)база 👌💕😍,2
~ 📻 📺  📌,1
☀✨🌸,2
🗑️ 😒мда -_-,0
❗  ⁉❌❓L,0
😤  😩🐷,0
((( 🤡,0
▓╭▒▒┬║,1
🔥😂🤝🫶  ))),2
🤬(((,0
🚫 ❗капець,0
╰░╮╮░░,1
мда 💊 💉,0
✖‼ ⁉жах,0
😩  😩,2
☠ ну давай,0
😡  😩  😠 (((,0
✿☀,2
👇📌👇 🤖 /,1
🔥💕  🇺🇦👍,2
🥰🫶 💕!!!11 💯,2
🤡 🥰👍 👍,0
✖шок ❓ ❗,0
🙏😭  😩будь ласка,2
-🐍  cringe,0
✨ ☀🌙🌙  ♥вау,2
☕📌 🤷‍♂️,1
~👇,1
🥺😩😩  хочу,2
👀///🚶,1
‼  жах  ❓❌,0
🤮😒?? 🐍🐍,0
☕ / 🤷‍♂️,1
🤔 ///  🤔,1
🎶 ☁ ☀,2
📺 🤖☕ +/-,1
⭐ 🌿 🌿 ♥aesthetic,2
побачимо  🔫🔫🚬,0
🙏 😭 🙏 дайте,2
🤔 ..,1
🐷- 🤢 🤦‍♂️,0
😂😍 +  W 💯,2
🤬 -_-  👎 😒,0
😩🙏хочу,2
│━─║┤━┤╮,1
~ 👇,1
:)🥰,2
🤦‍♂️😡 кринж,0
😠(( 😩,0
.. 👀,1
😩 😡🤦‍♂️ ---,0
💕 💯🫶💕,2
💊🚬☠ок,0
──▒╰┬,1
😍!!!11 💪🎉 ору💕,2
топ )) 👌,2
🔥🤝🤝  :),2
✨ 🎀 cute,2
├█┬┼┴░├,1
👏💯👏!!!11,2
😭🥺need,2
🚫 ⁉ L,0
💢побачимо 🩸  ☠,0
😍🇺🇦  👌💪:),2
🔪  мда,0
█━├━█▒┤,1
😍❤️  😍,2
🗑️ ??,0
💅 ~,1
┬╭─┤─▒┴▒▒│,1
💅 +/-🤖 📻☕,1
🤖🚶 👇+/-,1
🐍😩 😠 😒,0
🤖🚶 💅🤔,1
!!! база  💯 👌👏,2
🔪ок 💣,0
топ 🔫  🔫 💣,0
🔫☠ 💊  ну давай,0
ору))💪👏🤝❤️,2
😩 😭😩хочу,2
шок✖✖✖,0
😭 🙏 🙏 🙏,2
🌙🌿,2
😒 🤬 💩  🤦‍♂️,0
☠ топ,0
🤖~📻👇,1
☕  ///,1
🤡 👌 👏  👍,0
:)💯🫶,2
💕👌 ^_^,2
🐍 🐷🗑️🤬,0
😤 ???😠🤡  😩,0
дякую 🫶😍 💪!!!💪,2
❗ ⚠ bruh,0
📻 ...💅,1
🤡 😍,0
!!??💩,0
┴─├━┼╯┤╰┼█,1
📌 ☕👇 /,1
☁☀❀ 💖 ❀,2
☠ побачимо ☠ 🚬,0
┼━█━▒▓╯═╭┴,1
😩🥺🙏 дайте,2
⛔мда ❓,0
😶 ///,1
🎀♡♡ ✿ 💖,2
🤡 💕 👌  🎉,0
💯 🔥 👏,2
😩  🙏🥺 дайте,2
кринж 🚫⚠ ⁉,0
✖❓ ❓жах ⛔,0
👇 🚶 +/-,1
..👀 📻,1
😶👇🤷‍♂️,1
╮┴║▒▒╯,1
!!!11 ❤️🥰🎉,2
💕  👌 👏 😍,2
+ 😍 ❤️🥰based,2
═─╰┤╮┴▒╯┬,1
😩 😩🙏  😩дайте,2
😍🎉+,2
-😡  🤦‍♂️,0
🚶 💅🤔/,1
😡 👎 😡👎 капець,0
🙏 🥺 🙏🙏need,2
✿🎶☁♡,2
🔪ок💢,0
😍 🤝🥰💪,2
🤔 ///,1
❌ ⁉ bruh ⛔⛔,0
W 💯🎉!!!11,2
─╭══▓╮┤╯,1
---  капець😒,0
🤦‍♂️ капець 😒😩,0
░┤═│┴┬╮,1
🤡 🎉,0
😩😭 😩,2
++👍❤️💯❤️,2
🎉👌 ))🫶 👌,2
🚬 побачимо  ☠,0
🇺🇦дякую 👌 !!!,2
┴├━╮░━,1
+👌💪,2
))😂 🔥,2
💩😒 💩,0
═─╮╮╰┬,1
🫶💯💯 🤝 ору  !!!,2
🐷💩 ---😒🐍,0
💕 ^_^🎉💕👌,2
♡❀  ☁ ✿,2
...📻  👇,1
═┤├▒█,1
━╮┤┼║,1
ну давай  💢,0
▒╭═╯┼╮╮▓,1
├╰┴┤├━,1
дно⛔ ⚠,0
+/-🤔  💅 👀 🤔,1
🚬💊 🔪 ок,0
🔥 красава💯 💪,2
🤡  🤬👎😩 кринж,0
✖  ‼  cringe ⚠ ⛔,0
😤???,0
топ 😍!!!11❤️,2
☕  🤔📌,1
красава 👍🫶 💯,2
😡 :( 💩шок,0
┬╰█╮║,1
─▓▓┼▒,1
💣  ну давай,0
🐍 :(,0
^_^ ❤️  👌 🔥,2
🤡 👏🥰 ❤️,0
😡 🐍,0
🩸 ну давай 💣,0
🤬 жах 😤,0
📌📌,1
треш⚠❌ ‼,0
▒╯━╮│╮█┬║,1
👌 база:),2
😭😩🙏 😭 будь ласка,2
-_-  cringe💩,0
💣 ну давай  🔫,0
😭😩🙏😭,2
🎶 🌙❀топ,2
))) лол  🔥 ❤️ 💯,2
┼━├█┬▓░═,1
♥🎶☁,2
???мда🤢 😤,0
‼⁉ ⛔мда,0
😂👍❤️,2
🤡 😍 😍👌,0
🤡 🎉 🤝 😍,0
🤢 🗑️ 😡😡 ((,0
💕 🔥,2
💖 🎀✿🌸🌸,2
😩🙏 🙏😩,2
🤖🤔 📌,1
🤷‍♂️🤖...🤖,1
🥺 😭  🥺😩хочу,2
😤😠 🐷  😡,0
ну давай💢 💊 🚬,0
💖  ❀,2
━▓═╰━,1
^_^ 😍 🇺🇦😂❤️,2
--- 😡,0
шок ❓  ⛔⛔ ❌,0
~🚶👀📻,1
─═▒,1
┴┬╮┬,1
😍🤝based,2
☠ ок☠,0
✨ 💖,2
📺📻📻 👇,1
❌  ⛔  ❌ дно,0
🌙♥cute,2
😭 🙏  🙏  😭,2
🌿✨❀✿ вау,2
👌😍🎉 💪,2
😭 🙏 будь ласка,2
┬│░├▒┬═┤╯,1
☀❀💖♡  💖 cute,2
🤖 📻 🤔  /,1
+/- 👇 😶📻👀,1
🥺  😩 🙏 хочу,2
💕🎉 +💯,2
⭐ ♥♡🌙 ❀,2
😠🤡  🤮,0
🤡 😍🇺🇦 👍,0
🎶 ❀  🎀,2
📌 🚶,1
!!!💯  😍🔥,2
══╮░░├┤━┬┴,1
😭😩🙏😩дайте,2
╮║╮││┬,1
🌿♥ ☀  топ,2
L ((🐷,0
!!??😩😡,0
🇺🇦ору,2
(( 🤮😤 шок,0
💉 побачимо💊,0
❗bruh✖ ‼ ❓,0
✖⛔ 🚫капець,0
based!!!11👌🥰 💯,2
🔫  💊топ,0
💉 ок  💢,0
💅/// 🤷‍♂️🤷‍♂️,1
┤═├,1
🚫  🚫bruh,0
━├█,1
!!!11 💕,2
💉побачимо🩸🔫,0
лол 💯 :) 🔥  👌,2
😩 !!??🤬 👎,0
😍 🔥 👌,2
👀 ~😶,1
😶 🤔📻☕ ///,1
😒,0
лол 💪🥰 💯  ^_^,2
👀📻 ..,1
🎀☁💖,2
💉☠ топ🩸,0
😠🤮,0
💩🤡  ??? 🐍💩,0
🇺🇦 💕 ❤️,2
├┴┼▒│║┴═█╭,1
☀☀,2
💕 !!!  💕,2
???🤡 😡 😠 😒,0
🤢 🤢😡,0
❗  шок  ❓ ⛔ ❗,0
⁉ ⛔ cringe,0
/  🤖💅,1
⚠⁉жах❗,0
...👀,1
👍💪😂🫶++,2
🤷‍♂️ 📺 📻 🤷‍♂️,1
✖ ⁉дно ⚠,0
🫶)) 👌🇺🇦 👌,2
🔫 побачимо🔫,0
?!?! 🤬,0
🙏 🙏🥺хочу,2
❌кринж ❓ ❗,0
🥺😭 😭дайте,2
👇🤖 🤖,1
лол+😍 🤝,2
💣🚬ок,0
((( cringe🤮,0
))) 😍 💪,2
📻~,1
👇😶..  💅 💅,1
+/-📻👀 📌,1
💯 дякую 😂  🥰,2
🤡 💯  😍 💪,0
побачимо💉,0
📌 📌  ///,1
😩 😭 😩будь ласка,2
)))  👍  🇺🇦 💕,2
━╮▓╰█░╭╭,1
🎉 !!!👍 👏,2
🤖+/- 🤖 🚶 ☕,1
║│━├╯┴▓┬├╭,1
🤡 ❤️🤝,0
мда🔫🔫 🔪,0
🥰 + 🇺🇦 💕 based,2
((( 🤦‍♂️ bruh🤬😡💩,0
🤔📻...💅 📻,1
~😶👇 😶🚶,1
💯 🎉👍👌 W,2
☕📺/  💅,1
💕 🥰 🥰,2
🐷 🐷,0
║═┤,1
топ💢 ☠,0
┬│├█░├─,1
😩🥺 😩хочу,2
♡ 💖,2
🤔 +/-🤷‍♂️🚶 🤷‍♂️,1
🙏🥺😭 😩 дайте,2
│╮━│╰,1
🤡 🥰  👏 🥰,0
😩🥺 😭  будь ласка,2
🤡 💕🥰🫶,0
шок🗑️ --- 🤡,0
cringe ⚠ ⚠,0
🔥 ++👍 💪 🥰,2
/ 🤷‍♂️ 😶 🤷‍♂️,1
cringe🚫❓,0
🔪ну давай 🩸🔪,0
😭🥺😭 🙏хочу,2
☁🎀 ✨,2
‼❌мда⚠,0
♡🌸💖,2
█▒▓┬░┬╯█┼,1
💕 👍 імба 💪,2
⭐❀ ☁  🎀aesthetic,2
🔫 топ 💉,0
///  🤷‍♂️,1
..😶,1
топ 🔫,0
топ💣,0
)) super 🥰,2
├┼╰,1
┴╮╮░┼├│,1
☕👇🚶💅..,1
┬┤━━▓█,1
..  ☕ 👀 🤔,1
┤╭═├░┬║,1
❤️ 🥰 💯 👍 ))),2
│┴━▒╰▒,1
😂 💕👍 )))🤝,2
😤😒!!??,0
💕 🤝🫶,2
⛔  🚫капець ⁉,0
📌 ...,1
█║▓╮,1
😩😤🗑️ 😒,0
красава💯 🇺🇦 🎉,2
😩 😩,2
☕👀 🤷‍♂️,1
🤮😡 ---,0
🥰 )) 🥰 🤝,2
😭🥺  😭  будь ласка,2
░╮├═▓━,1
👏👍!!!11👍,2
/ ☕📻,1
дно❗ ❗❌⛔,0
🤡 🇺🇦 👌 🤝🔥,0
☕  🤔 📻,1
😩😭,2
📺☕ 🤔,1
━━░├,1
💊 🔫  ну давай💣,0
🐷🗑️((,0
🐷 😠:(🐷,0
))) 👏❤️👏,2
❤️👍!!!11,2
┼├├╮│╭█,1
⭐🎶☁🎶,2
💉 💊 побачимо,0
🥺🥺  😭,2
😭  🙏🥺😩  дайте,2
💯 🎉,2
🥺 🥺🙏 дайте,2
☀⭐краса,2
▒├▓█│▓,1
☀🎶✿❀  🌸  топ,2
😶 💅🤷‍♂️///,1
💩🤮капець?!?!,0
🤦‍♂️ жах😒🤦‍♂️,0
👌 ❤️  💕💕+,2
/👇 ☕📺,1
🩸 💣побачимо,0
🩸 мда🚬,0
🎶♡ 🌿краса,2
📻 💅 🤖,1
!!!11  ору 🤝 💪,2
❤️ 💯^_^🥰,2
┤▒█▓╰,1
⛔⚠ ‼треш ⛔,0
😤👎  !!??🐍💩,0
💕!!!,2
🤡 😍 💕💪,0
🚫 ‼кринж  ⁉,0
мда  ☠,0
топ💣 💊🩸,0
🫶:)  😂,2
☕ 🚶 👇~,1
